airport_id,year,candidate_component_records,matched_component_records,weather_observations
DEN,2000,144,43,8566
DEN,2001,172,34,8653
DEN,2002,140,42,8686
DEN,2003,159,46,8696
DEN,2004,211,90,8716
DEN,2005,227,106,8692
DEN,2006,198,133,8712
DEN,2007,193,158,8715
DEN,2008,199,168,8756
DEN,2009,243,196,8717
DEN,2010,188,163,8707
DEN,2011,217,192,8709
DEN,2012,211,190,8756
DEN,2013,186,171,8719
DEN,2014,259,231,8727
DEN,2015,230,211,8707
DEN,2016,241,232,8756
DEN,2017,212,205,8727
DEN,2018,225,221,8714
DEN,2019,223,208,8722
DEN,2020,172,158,8723
DEN,2021,261,252,8707
DEN,2022,363,346,8728
DEN,2023,390,339,8735
DEN,2024,504,497,8757
DEN,2025,558,547,8729
DFW,2000,162,105,8736
DFW,2001,165,90,8663
DFW,2002,193,106,8584
DFW,2003,120,82,8732
DFW,2004,134,95,8739
DFW,2005,118,92,8735
DFW,2006,124,92,8732
DFW,2007,124,99,8734
DFW,2008,112,95,8758
DFW,2009,182,159,8733
DFW,2010,135,120,8735
DFW,2011,206,193,8819
DFW,2012,178,169,8759
DFW,2013,207,199,8732
DFW,2014,249,236,8732
DFW,2015,261,247,8732
DFW,2016,199,186,8758
DFW,2017,162,155,8735
DFW,2018,161,155,8734
DFW,2019,223,203,8731
DFW,2020,117,111,8757
DFW,2021,181,166,8732
DFW,2022,141,140,8733
DFW,2023,263,212,8735
DFW,2024,320,307,8762
DFW,2025,327,313,8727
ORD,2000,142,22,8581
ORD,2001,133,18,8696
ORD,2002,128,24,8713
ORD,2003,130,30,8733
ORD,2004,153,32,8745
ORD,2005,125,44,8720
ORD,2006,131,44,3627
ORD,2007,91,70,8669
ORD,2008,87,62,8741
ORD,2009,136,111,8729
ORD,2010,184,165,8725
ORD,2011,101,93,8735
ORD,2012,125,114,8750
ORD,2013,129,117,8713
ORD,2014,192,156,8714
ORD,2015,177,168,8710
ORD,2016,161,154,8753
ORD,2017,155,138,8723
ORD,2018,146,141,8714
ORD,2019,179,168,8731
ORD,2020,120,109,8740
ORD,2021,177,173,8728
ORD,2022,176,174,8726
ORD,2023,211,180,8736
ORD,2024,279,270,8754
ORD,2025,317,314,8733
JFK,2000,76,46,8716
JFK,2001,62,36,8731
JFK,2002,60,36,8724
JFK,2003,54,35,8728
JFK,2004,65,35,8752
JFK,2005,62,35,8735
JFK,2006,103,79,8722
JFK,2007,123,98,8731
JFK,2008,91,83,8754
JFK,2009,108,98,8730
JFK,2010,153,144,8733
JFK,2011,177,166,8737
JFK,2012,115,109,8755
JFK,2013,117,115,8733
JFK,2014,141,141,8734
JFK,2015,129,124,8735
JFK,2016,142,137,8758
JFK,2017,127,124,8734
JFK,2018,163,158,8734
JFK,2019,174,168,8735
JFK,2020,74,64,8757
JFK,2021,182,181,8734
JFK,2022,182,178,8732
JFK,2023,198,196,8735
JFK,2024,185,183,8761
JFK,2025,199,195,8733
MEM,2000,86,51,8530
MEM,2001,68,38,8620
MEM,2002,105,97,8431
MEM,2003,153,139,8680
MEM,2004,175,162,8704
MEM,2005,211,193,8648
MEM,2006,170,154,8648
MEM,2007,187,174,8642
MEM,2008,173,157,8633
MEM,2009,221,210,8713
MEM,2010,191,174,8639
MEM,2011,165,161,8628
MEM,2012,203,198,8750
MEM,2013,142,133,8716
MEM,2014,195,177,8732
MEM,2015,215,205,8699
MEM,2016,203,193,8754
MEM,2017,244,236,8705
MEM,2018,220,217,8718
MEM,2019,169,152,8726
MEM,2020,162,142,8741
MEM,2021,168,156,8725
MEM,2022,230,208,8729
MEM,2023,271,237,8732
MEM,2024,221,218,8749
MEM,2025,237,235,8734
SLC,2000,41,33,8682
SLC,2001,43,34,8683
SLC,2002,41,30,8667
SLC,2003,110,92,8710
SLC,2004,119,105,8700
SLC,2005,79,56,6984
SLC,2006,163,148,8722
SLC,2007,102,57,6216
SLC,2008,85,69,8500
SLC,2009,121,107,8701
SLC,2010,122,114,8622
SLC,2011,85,83,8429
SLC,2012,102,98,8727
SLC,2013,112,0,0
SLC,2014,129,118,8671
SLC,2015,138,116,8696
SLC,2016,124,118,7799
SLC,2017,118,107,8735
SLC,2018,156,154,8706
SLC,2019,135,121,8732
SLC,2020,84,78,8758
SLC,2021,131,131,8735
SLC,2022,139,132,8731
SLC,2023,145,127,8739
SLC,2024,212,209,8760
SLC,2025,197,195,8732
DTW,2000,55,8,8573
DTW,2001,42,7,8624
DTW,2002,46,17,8644
DTW,2003,36,12,8725
DTW,2004,50,16,8723
DTW,2005,44,19,8605
DTW,2006,77,62,8720
DTW,2007,95,61,5821
DTW,2008,76,57,8716
DTW,2009,127,111,8727
DTW,2010,74,73,8719
DTW,2011,48,46,8767
DTW,2012,48,42,8751
DTW,2013,68,68,8712
DTW,2014,55,52,8725
DTW,2015,77,72,8712
DTW,2016,63,62,8754
DTW,2017,81,79,8726
DTW,2018,100,97,8713
DTW,2019,103,101,8727
DTW,2020,74,73,8731
DTW,2021,122,120,8720
DTW,2022,133,131,8720
DTW,2023,143,126,8736
DTW,2024,160,158,8758
DTW,2025,168,167,8724
ATL,2000,61,13,8695
ATL,2001,42,19,8711
ATL,2002,55,27,8672
ATL,2003,49,39,8724
ATL,2004,51,13,5546
ATL,2005,56,43,8211
ATL,2006,53,36,7992
ATL,2007,56,44,8700
ATL,2008,63,46,8707
ATL,2009,71,59,8726
ATL,2010,75,65,8720
ATL,2011,58,52,8732
ATL,2012,70,65,8753
ATL,2013,60,54,8716
ATL,2014,102,98,8726
ATL,2015,146,120,8711
ATL,2016,109,106,8756
ATL,2017,168,164,8728
ATL,2018,184,178,8718
ATL,2019,185,179,8729
ATL,2020,72,65,8748
ATL,2021,167,166,8728
ATL,2022,174,170,8728
ATL,2023,200,167,8734
ATL,2024,240,235,8753
ATL,2025,259,256,8725
SMF,2000,54,24,8689
SMF,2001,65,29,8677
SMF,2002,87,53,8687
SMF,2003,123,98,8699
SMF,2004,159,100,8746
SMF,2005,148,111,8730
SMF,2006,124,94,8714
SMF,2007,130,109,8736
SMF,2008,187,161,8751
SMF,2009,237,223,8734
SMF,2010,245,232,8729
SMF,2011,184,174,8736
SMF,2012,190,175,8754
SMF,2013,192,177,8734
SMF,2014,146,137,8734
SMF,2015,195,179,8733
SMF,2016,118,112,8750
SMF,2017,165,156,8735
SMF,2018,169,165,8733
SMF,2019,161,145,8735
SMF,2020,110,98,8759
SMF,2021,127,126,8734
SMF,2022,135,127,8731
SMF,2023,229,203,8735
SMF,2024,269,267,8752
SMF,2025,260,253,8726
MCO,2000,35,15,8661
MCO,2001,42,13,8729
MCO,2002,31,11,8696
MCO,2003,55,34,8703
MCO,2004,67,39,8720
MCO,2005,78,54,8710
MCO,2006,85,64,8722
MCO,2007,114,74,8679
MCO,2008,107,78,8721
MCO,2009,119,90,8720
MCO,2010,140,95,8720
MCO,2011,133,71,8630
MCO,2012,143,112,8637
MCO,2013,128,88,8730
MCO,2014,192,177,8728
MCO,2015,127,93,8726
MCO,2016,137,111,8758
MCO,2017,132,104,8719
MCO,2018,145,123,8733
MCO,2019,217,160,8724
MCO,2020,94,39,8752
MCO,2021,174,148,8729
MCO,2022,227,221,8725
MCO,2023,270,220,8738
MCO,2024,253,247,8757
MCO,2025,278,265,8706
IAH,2000,19,3,8669
IAH,2001,34,11,8726
IAH,2002,29,10,8706
IAH,2003,27,11,8701
IAH,2004,27,11,8701
IAH,2005,36,12,8729
IAH,2006,35,28,8731
IAH,2007,50,31,8719
IAH,2008,24,20,8717
IAH,2009,129,91,8731
IAH,2010,104,84,8730
IAH,2011,102,77,8714
IAH,2012,95,86,8757
IAH,2013,67,64,8732
IAH,2014,155,139,8725
IAH,2015,158,121,8734
IAH,2016,106,101,8755
IAH,2017,103,94,8734
IAH,2018,144,136,8736
IAH,2019,151,139,8735
IAH,2020,66,52,8760
IAH,2021,108,97,8732
IAH,2022,132,126,8731
IAH,2023,208,160,8736
IAH,2024,210,203,8761
IAH,2025,264,254,8729
CLT,2000,41,7,8549
CLT,2001,49,26,8661
CLT,2002,55,39,8550
CLT,2003,27,15,8718
CLT,2004,53,35,8678
CLT,2005,44,37,8145
CLT,2006,56,41,7978
CLT,2007,34,24,8627
CLT,2008,75,58,8727
CLT,2009,72,59,8722
CLT,2010,103,100,8711
CLT,2011,153,139,8725
CLT,2012,96,93,8713
CLT,2013,144,140,8716
CLT,2014,189,182,8727
CLT,2015,195,191,8704
CLT,2016,167,161,8755
CLT,2017,216,211,8725
CLT,2018,193,190,8716
CLT,2019,207,199,8727
CLT,2020,83,81,8741
CLT,2021,163,163,8719
CLT,2022,184,183,8622
CLT,2023,167,160,8715
CLT,2024,237,235,8749
CLT,2025,252,248,8714
LGA,2000,62,20,8725
LGA,2001,41,25,8722
LGA,2002,80,58,8729
LGA,2003,76,54,8734
LGA,2004,52,37,8749
LGA,2005,86,69,8729
LGA,2006,71,62,8710
LGA,2007,66,49,8702
LGA,2008,56,38,8745
LGA,2009,94,82,8730
LGA,2010,102,97,8717
LGA,2011,112,112,8715
LGA,2012,138,131,8751
LGA,2013,133,130,8719
LGA,2014,160,158,8725
LGA,2015,117,112,8709
LGA,2016,119,119,8750
LGA,2017,143,143,8725
LGA,2018,134,132,8717
LGA,2019,133,133,8724
LGA,2020,45,44,8742
LGA,2021,85,85,8729
LGA,2022,134,134,8727
LGA,2023,105,103,8734
LGA,2024,117,117,8757
LGA,2025,177,175,8725
SDF,2000,46,14,8683
SDF,2001,43,18,8717
SDF,2002,36,27,8721
SDF,2003,33,14,8722
SDF,2004,55,37,8752
SDF,2005,154,73,8733
SDF,2006,197,136,8732
SDF,2007,161,108,8732
SDF,2008,109,101,8752
SDF,2009,177,169,8733
SDF,2010,117,102,8734
SDF,2011,150,138,8746
SDF,2012,115,112,8754
SDF,2013,134,123,8733
SDF,2014,193,179,8733
SDF,2015,116,105,8728
SDF,2016,107,63,8756
SDF,2017,78,39,8728
SDF,2018,154,126,8735
SDF,2019,153,113,8730
SDF,2020,90,29,8756
SDF,2021,142,72,8732
SDF,2022,126,124,8726
SDF,2023,157,134,8736
SDF,2024,115,111,8758
SDF,2025,117,114,8735
MCI,2000,44,29,8626
MCI,2001,51,37,8603
MCI,2002,81,61,8677
MCI,2003,99,61,8704
MCI,2004,92,69,8707
MCI,2005,82,63,8693
MCI,2006,60,52,8606
MCI,2007,68,59,8675
MCI,2008,91,80,8724
MCI,2009,112,97,8721
MCI,2010,89,80,8701
MCI,2011,67,60,8704
MCI,2012,68,68,8755
MCI,2013,84,80,8719
MCI,2014,94,92,8724
MCI,2015,85,75,8685
MCI,2016,81,80,8746
MCI,2017,110,108,8728
MCI,2018,117,113,8713
MCI,2019,122,117,8724
MCI,2020,81,78,8744
MCI,2021,83,83,8710
MCI,2022,93,92,8726
MCI,2023,128,112,8734
MCI,2024,119,117,8749
MCI,2025,130,123,8735
AUS,2000,18,3,8467
AUS,2001,33,15,8591
AUS,2002,34,12,8633
AUS,2003,41,16,8608
AUS,2004,39,19,8551
AUS,2005,27,22,8681
AUS,2006,40,33,8679
AUS,2007,59,36,8701
AUS,2008,62,49,8741
AUS,2009,74,57,8718
AUS,2010,57,50,8723
AUS,2011,59,56,8623
AUS,2012,77,72,8752
AUS,2013,129,125,8711
AUS,2014,111,108,8695
AUS,2015,119,94,8647
AUS,2016,145,131,8754
AUS,2017,106,105,8720
AUS,2018,133,123,8712
AUS,2019,150,139,8720
AUS,2020,68,63,8745
AUS,2021,90,82,8728
AUS,2022,108,106,8728
AUS,2023,232,198,8731
AUS,2024,228,222,8727
AUS,2025,209,194,8721
EWR,2000,85,27,8732
EWR,2001,46,17,8728
EWR,2002,55,35,8723
EWR,2003,70,52,8671
EWR,2004,58,33,8710
EWR,2005,76,66,8711
EWR,2006,70,62,8694
EWR,2007,88,73,8701
EWR,2008,80,72,8740
EWR,2009,123,105,8720
EWR,2010,120,117,8724
EWR,2011,80,76,8731
EWR,2012,122,120,8736
EWR,2013,105,104,8721
EWR,2014,164,163,8730
EWR,2015,127,127,8715
EWR,2016,109,107,8757
EWR,2017,130,129,8729
EWR,2018,164,160,8718
EWR,2019,96,95,8729
EWR,2020,41,38,8746
EWR,2021,68,64,8729
EWR,2022,115,115,8728
EWR,2023,142,138,8737
EWR,2024,119,118,8758
EWR,2025,122,117,8726
CVG,2000,72,58,8705
CVG,2001,46,39,8701
CVG,2002,53,38,8689
CVG,2003,57,36,8718
CVG,2004,116,90,8385
CVG,2005,59,49,8284
CVG,2006,76,65,8726
CVG,2007,42,38,8681
CVG,2008,44,33,8750
CVG,2009,37,26,8721
CVG,2010,37,32,8718
CVG,2011,41,40,8613
CVG,2012,57,55,8644
CVG,2013,31,30,8597
CVG,2014,59,54,8646
CVG,2015,44,38,8645
CVG,2016,55,52,8679
CVG,2017,59,58,8726
CVG,2018,99,98,8719
CVG,2019,93,84,8725
CVG,2020,57,48,8749
CVG,2021,66,63,8723
CVG,2022,94,93,8730
CVG,2023,127,110,8725
CVG,2024,126,122,8751
CVG,2025,104,99,8724
PHL,2000,70,44,8707
PHL,2001,48,27,8706
PHL,2002,52,27,8690
PHL,2003,53,32,8549
PHL,2004,53,27,8740
PHL,2005,68,39,8733
PHL,2006,74,53,8732
PHL,2007,85,66,8729
PHL,2008,95,70,8748
PHL,2009,125,103,8726
PHL,2010,105,98,8731
PHL,2011,204,195,8746
PHL,2012,153,147,8746
PHL,2013,127,121,8721
PHL,2014,209,193,8731
PHL,2015,142,132,8725
PHL,2016,123,114,8757
PHL,2017,133,129,8733
PHL,2018,153,148,8736
PHL,2019,148,133,8734
PHL,2020,80,65,8758
PHL,2021,125,116,8736
PHL,2022,100,99,8728
PHL,2023,101,93,8736
PHL,2024,130,129,8760
PHL,2025,129,127,8730
LAX,2000,69,21,8634
LAX,2001,52,12,8688
LAX,2002,36,17,8616
LAX,2003,34,16,8732
LAX,2004,48,23,8750
LAX,2005,59,43,8621
LAX,2006,41,31,8700
LAX,2007,35,30,8622
LAX,2008,37,32,8679
LAX,2009,71,55,8727
LAX,2010,81,75,8731
LAX,2011,81,79,8733
LAX,2012,101,96,8754
LAX,2013,89,82,8734
LAX,2014,98,90,8726
LAX,2015,105,100,8734
LAX,2016,118,118,8760
LAX,2017,117,116,8735
LAX,2018,113,106,8733
LAX,2019,164,163,8736
LAX,2020,67,67,8758
LAX,2021,93,93,8733
LAX,2022,94,94,8730
LAX,2023,118,96,8735
LAX,2024,127,124,8758
LAX,2025,132,124,8716
BNA,2000,52,6,8732
BNA,2001,31,5,8718
BNA,2002,52,19,8722
BNA,2003,51,27,8727
BNA,2004,44,24,8747
BNA,2005,35,23,8733
BNA,2006,42,27,8718
BNA,2007,66,36,8725
BNA,2008,48,37,8749
BNA,2009,93,74,8729
BNA,2010,60,51,8728
BNA,2011,81,74,8735
BNA,2012,99,89,8755
BNA,2013,103,97,8734
BNA,2014,95,88,8734
BNA,2015,102,98,8729
BNA,2016,121,119,8758
BNA,2017,139,136,8732
BNA,2018,128,126,8733
BNA,2019,140,128,8732
BNA,2020,81,67,8752
BNA,2021,123,119,8726
BNA,2022,144,134,8731
BNA,2023,166,146,8737
BNA,2024,196,187,8760
BNA,2025,220,212,8729
BOS,2000,70,13,8709
BOS,2001,51,28,8725
BOS,2002,64,39,8706
BOS,2003,46,19,8721
BOS,2004,68,41,8684
BOS,2005,50,32,8732
BOS,2006,61,48,8729
BOS,2007,59,52,8706
BOS,2008,56,51,8755
BOS,2009,56,48,8727
BOS,2010,83,67,8726
BOS,2011,97,90,8723
BOS,2012,87,79,8754
BOS,2013,100,90,8732
BOS,2014,67,60,8715
BOS,2015,85,71,8710
BOS,2016,102,98,8747
BOS,2017,90,90,8709
BOS,2018,110,110,8722
BOS,2019,118,111,8717
BOS,2020,53,50,8750
BOS,2021,91,87,8722
BOS,2022,157,152,8728
BOS,2023,156,118,8735
BOS,2024,139,139,8760
BOS,2025,174,173,8698
PDX,2000,62,45,8680
PDX,2001,53,41,8719
PDX,2002,53,44,8612
PDX,2003,42,28,8725
PDX,2004,68,49,8678
PDX,2005,55,36,8557
PDX,2006,65,56,8735
PDX,2007,69,60,7342
PDX,2008,55,52,8741
PDX,2009,69,61,8722
PDX,2010,58,47,8720
PDX,2011,45,41,8711
PDX,2012,83,81,8754
PDX,2013,60,56,8720
PDX,2014,89,84,8725
PDX,2015,71,68,8712
PDX,2016,86,84,8751
PDX,2017,75,71,8709
PDX,2018,70,67,8717
PDX,2019,83,75,8728
PDX,2020,60,60,8743
PDX,2021,81,78,8728
PDX,2022,70,69,8726
PDX,2023,90,77,8735
PDX,2024,84,82,8753
PDX,2025,124,120,8727
BWI,2000,44,19,8670
BWI,2001,46,18,8697
BWI,2002,68,41,8717
BWI,2003,63,37,8693
BWI,2004,72,47,8711
BWI,2005,71,47,8711
BWI,2006,34,25,8705
BWI,2007,71,51,8682
BWI,2008,58,44,8745
BWI,2009,100,79,8714
BWI,2010,92,75,8723
BWI,2011,83,79,8726
BWI,2012,102,99,8757
BWI,2013,91,85,8722
BWI,2014,111,107,8721
BWI,2015,121,114,8696
BWI,2016,122,115,8749
BWI,2017,83,74,8731
BWI,2018,110,106,8713
BWI,2019,101,86,8729
BWI,2020,62,55,8747
BWI,2021,73,69,8721
BWI,2022,83,71,8726
BWI,2023,140,123,8732
BWI,2024,121,119,8753
BWI,2025,172,169,8728
IAD,2000,112,32,8708
IAD,2001,111,36,8653
IAD,2002,97,44,8659
IAD,2003,78,27,8664
IAD,2004,90,40,8635
IAD,2005,91,42,8147
IAD,2006,97,74,8288
IAD,2007,94,59,8663
IAD,2008,75,51,8738
IAD,2009,81,66,8714
IAD,2010,87,74,8717
IAD,2011,80,52,8728
IAD,2012,61,51,8752
IAD,2013,91,84,8716
IAD,2014,93,84,8724
IAD,2015,92,79,8668
IAD,2016,71,67,8754
IAD,2017,61,54,8722
IAD,2018,57,49,8671
IAD,2019,60,48,8712
IAD,2020,40,31,8742
IAD,2021,59,51,8727
IAD,2022,61,60,8721
IAD,2023,75,65,8734
IAD,2024,69,61,8747
IAD,2025,99,94,8720
CLE,2000,27,8,8653
CLE,2001,17,9,8727
CLE,2002,9,3,8714
CLE,2003,19,7,8730
CLE,2004,33,22,8753
CLE,2005,36,26,8732
CLE,2006,34,21,8733
CLE,2007,45,35,8728
CLE,2008,55,47,8749
CLE,2009,62,47,8727
CLE,2010,84,72,8732
CLE,2011,53,49,8766
CLE,2012,72,58,8754
CLE,2013,81,68,8709
CLE,2014,48,44,8723
CLE,2015,55,47,8708
CLE,2016,69,67,8752
CLE,2017,61,58,8721
CLE,2018,71,70,8705
CLE,2019,95,89,8729
CLE,2020,37,34,8742
CLE,2021,82,80,8722
CLE,2022,76,73,8724
CLE,2023,74,49,8733
CLE,2024,104,99,8755
CLE,2025,103,101,8718
DAL,2000,20,4,8712
DAL,2001,26,6,8689
DAL,2002,17,4,8681
DAL,2003,32,11,8671
DAL,2004,31,24,8700
DAL,2005,27,15,8734
DAL,2006,22,15,8734
DAL,2007,37,27,8732
DAL,2008,50,38,8758
DAL,2009,62,45,8734
DAL,2010,50,41,8735
DAL,2011,59,54,8825
DAL,2012,58,53,8759
DAL,2013,68,64,8735
DAL,2014,63,58,8734
DAL,2015,87,81,8735
DAL,2016,82,77,8760
DAL,2017,88,79,8734
DAL,2018,93,88,8730
DAL,2019,83,75,8735
DAL,2020,51,48,8760
DAL,2021,57,53,8736
DAL,2022,78,70,8730
DAL,2023,123,105,8735
DAL,2024,106,102,8764
DAL,2025,182,181,8734
MSP,2000,44,19,8730
MSP,2001,37,22,8731
MSP,2002,41,21,8730
MSP,2003,32,19,8722
MSP,2004,42,23,8748
MSP,2005,40,21,8732
MSP,2006,47,36,8733
MSP,2007,83,65,8693
MSP,2008,58,42,8722
MSP,2009,85,67,8729
MSP,2010,93,89,8722
MSP,2011,81,67,8731
MSP,2012,95,81,8753
MSP,2013,76,71,8722
MSP,2014,102,94,8726
MSP,2015,83,77,8705
MSP,2016,64,63,8753
MSP,2017,62,61,8726
MSP,2018,83,81,8708
MSP,2019,71,65,8723
MSP,2020,30,29,8746
MSP,2021,70,65,8726
MSP,2022,120,112,8728
MSP,2023,78,66,8735
MSP,2024,76,73,8753
MSP,2025,92,91,8675
SFO,2000,65,13,8596
SFO,2001,71,5,8700
SFO,2002,89,24,8693
SFO,2003,74,29,8714
SFO,2004,88,24,8749
SFO,2005,73,31,8734
SFO,2006,79,64,8731
SFO,2007,68,47,8730
SFO,2008,59,36,8756
SFO,2009,80,65,8734
SFO,2010,71,64,8733
SFO,2011,102,89,8738
SFO,2012,120,109,8757
SFO,2013,88,81,8730
SFO,2014,79,75,8734
SFO,2015,77,73,8732
SFO,2016,69,66,8756
SFO,2017,130,126,8735
SFO,2018,113,112,8731
SFO,2019,64,62,8732
SFO,2020,39,39,8756
SFO,2021,75,75,8734
SFO,2022,85,84,8730
SFO,2023,110,88,8735
SFO,2024,140,132,8757
SFO,2025,107,101,8726
IND,2000,36,21,8630
IND,2001,37,18,8575
IND,2002,37,22,8657
IND,2003,46,31,8724
IND,2004,63,54,8732
IND,2005,65,51,8683
IND,2006,54,39,5333
IND,2007,61,58,8731
IND,2008,68,62,8752
IND,2009,75,65,8732
IND,2010,62,58,8734
IND,2011,67,63,8742
IND,2012,81,76,8753
IND,2013,45,42,8732
IND,2014,75,70,8731
IND,2015,65,61,8735
IND,2016,64,58,8760
IND,2017,62,57,8734
IND,2018,73,71,8735
IND,2019,88,82,8732
IND,2020,61,59,8758
IND,2021,68,64,8733
IND,2022,100,92,8735
IND,2023,101,89,8742
IND,2024,105,103,8761
IND,2025,160,156,8725
FLL,2000,32,14,8722
FLL,2001,24,14,8680
FLL,2002,31,18,8675
FLL,2003,42,31,8659
FLL,2004,24,18,8709
FLL,2005,32,24,8717
FLL,2006,49,41,8730
FLL,2007,60,50,8723
FLL,2008,50,46,8733
FLL,2009,49,41,8726
FLL,2010,61,56,8730
FLL,2011,76,67,8726
FLL,2012,61,57,8759
FLL,2013,65,64,8731
FLL,2014,77,72,8718
FLL,2015,53,45,8733
FLL,2016,87,84,8757
FLL,2017,77,75,8719
FLL,2018,68,64,8710
FLL,2019,83,81,8729
FLL,2020,41,38,8738
FLL,2021,102,101,8704
FLL,2022,116,116,8727
FLL,2023,140,121,8709
FLL,2024,105,103,8758
FLL,2025,130,128,8727
SEA,2000,27,6,8536
SEA,2001,16,8,8596
SEA,2002,30,22,8508
SEA,2003,29,17,8698
SEA,2004,40,19,8667
SEA,2005,33,22,8578
SEA,2006,44,36,8706
SEA,2007,47,43,8692
SEA,2008,59,50,8749
SEA,2009,62,53,8723
SEA,2010,87,78,8722
SEA,2011,106,96,8826
SEA,2012,60,44,8756
SEA,2013,40,29,8722
SEA,2014,64,56,8729
SEA,2015,70,48,8713
SEA,2016,66,48,8748
SEA,2017,91,83,8707
SEA,2018,88,71,8716
SEA,2019,108,91,8722
SEA,2020,58,44,8738
SEA,2021,94,91,8722
SEA,2022,93,88,8725
SEA,2023,88,76,8733
SEA,2024,89,84,8754
SEA,2025,84,82,8731
TEB,2000,32,12,8709
TEB,2001,26,20,8723
TEB,2002,12,7,8728
TEB,2003,41,35,8715
TEB,2004,17,17,8749
TEB,2005,26,24,8720
TEB,2006,28,25,8662
TEB,2007,25,23,8690
TEB,2008,40,37,8685
TEB,2009,26,24,8708
TEB,2010,28,27,8719
TEB,2011,23,23,8724
TEB,2012,15,15,8669
TEB,2013,14,14,8709
TEB,2014,38,38,8724
TEB,2015,27,25,8710
TEB,2016,29,29,8737
TEB,2017,28,28,8627
TEB,2018,40,40,8686
TEB,2019,35,35,8712
TEB,2020,19,19,8738
TEB,2021,38,38,8698
TEB,2022,31,28,8699
TEB,2023,36,36,8692
TEB,2024,35,35,8725
TEB,2025,38,38,8713
MSY,2000,29,8,8701
MSY,2001,32,15,8728
MSY,2002,51,22,8711
MSY,2003,43,17,8709
MSY,2004,44,22,8737
MSY,2005,46,31,8714
MSY,2006,24,16,8663
MSY,2007,27,22,8677
MSY,2008,51,39,8645
MSY,2009,74,67,8716
MSY,2010,89,78,8729
MSY,2011,88,82,8734
MSY,2012,89,85,8753
MSY,2013,41,37,8712
MSY,2014,60,56,8726
MSY,2015,61,55,8709
MSY,2016,66,62,8751
MSY,2017,52,52,8714
MSY,2018,37,37,8714
MSY,2019,67,63,8726
MSY,2020,28,27,8744
MSY,2021,44,43,8711
MSY,2022,79,75,8724
MSY,2023,72,71,8733
MSY,2024,72,71,8741
MSY,2025,81,78,8719
PIT,2000,40,19,8733
PIT,2001,53,31,8730
PIT,2002,71,56,8735
PIT,2003,39,33,8733
PIT,2004,41,32,8752
PIT,2005,38,34,8726
PIT,2006,32,26,8730
PIT,2007,22,18,8732
PIT,2008,35,27,8746
PIT,2009,49,46,8735
PIT,2010,48,47,8718
PIT,2011,37,35,8674
PIT,2012,36,34,8610
PIT,2013,43,41,8676
PIT,2014,48,44,8723
PIT,2015,27,24,8707
PIT,2016,48,47,8730
PIT,2017,69,66,8725
PIT,2018,73,73,8720
PIT,2019,73,63,8729
PIT,2020,31,28,8750
PIT,2021,55,53,8731
PIT,2022,82,80,8731
PIT,2023,56,42,8736
PIT,2024,87,83,8755
PIT,2025,71,70,8735
MDW,2000,6,3,8714
MDW,2001,18,10,8661
MDW,2002,25,14,8677
MDW,2003,40,22,8699
MDW,2004,26,19,8720
MDW,2005,38,27,8725
MDW,2006,38,20,5102
MDW,2007,41,25,8644
MDW,2008,65,56,8734
MDW,2009,63,44,8718
MDW,2010,62,50,8636
MDW,2011,53,51,8656
MDW,2012,58,56,8746
MDW,2013,67,63,8688
MDW,2014,61,54,8715
MDW,2015,81,76,8732
MDW,2016,66,66,8759
MDW,2017,45,43,8726
MDW,2018,58,58,8731
MDW,2019,67,58,8734
MDW,2020,42,39,8757
MDW,2021,64,58,8735
MDW,2022,83,72,8732
MDW,2023,102,94,8735
MDW,2024,86,85,8761
MDW,2025,107,102,8733
CMH,2000,33,14,8680
CMH,2001,44,29,8727
CMH,2002,37,19,8723
CMH,2003,21,14,8725
CMH,2004,20,11,8687
CMH,2005,33,27,8635
CMH,2006,36,28,8689
CMH,2007,82,67,8699
CMH,2008,34,32,8735
CMH,2009,40,38,8723
CMH,2010,43,36,8716
CMH,2011,18,17,8733
CMH,2012,42,41,8750
CMH,2013,49,47,8722
CMH,2014,60,55,8730
CMH,2015,84,80,8708
CMH,2016,55,53,8755
CMH,2017,54,53,8724
CMH,2018,79,79,8715
CMH,2019,63,60,8715
CMH,2020,42,42,8745
CMH,2021,74,72,8728
CMH,2022,71,70,8730
CMH,2023,81,70,8731
CMH,2024,89,89,8753
CMH,2025,79,79,8734
RSW,2000,26,7,8706
RSW,2001,21,13,8418
RSW,2002,21,17,8488
RSW,2003,27,18,8629
RSW,2004,28,22,8496
RSW,2005,33,30,8665
RSW,2006,28,20,8528
RSW,2007,37,33,8576
RSW,2008,25,22,8679
RSW,2009,34,31,8700
RSW,2010,42,41,8686
RSW,2011,39,39,8712
RSW,2012,64,64,8741
RSW,2013,68,67,8716
RSW,2014,58,57,8719
RSW,2015,68,64,8697
RSW,2016,67,61,8736
RSW,2017,59,58,8706
RSW,2018,39,38,8695
RSW,2019,74,73,8686
RSW,2020,33,32,8730
RSW,2021,54,52,8709
RSW,2022,63,59,8397
RSW,2023,77,65,8651
RSW,2024,59,58,8685
RSW,2025,78,75,8717
DCA,2000,33,9,8697
DCA,2001,42,16,8697
DCA,2002,48,17,8673
DCA,2003,59,22,8719
DCA,2004,62,29,8658
DCA,2005,56,18,8149
DCA,2006,53,24,8308
DCA,2007,29,10,8679
DCA,2008,36,26,8746
DCA,2009,46,41,8714
DCA,2010,25,24,8718
DCA,2011,46,40,8752
DCA,2012,41,39,8741
DCA,2013,34,31,8718
DCA,2014,96,86,8722
DCA,2015,69,52,8702
DCA,2016,120,111,8690
DCA,2017,81,76,8727
DCA,2018,80,79,8712
DCA,2019,87,81,8728
DCA,2020,34,24,8750
DCA,2021,68,64,8724
DCA,2022,121,119,8720
DCA,2023,104,85,8733
DCA,2024,101,98,8752
DCA,2025,150,148,8726
HOU,2000,14,5,8726
HOU,2001,15,0,8711
HOU,2002,22,7,8728
HOU,2003,19,7,8700
HOU,2004,31,16,8748
HOU,2005,33,21,8735
HOU,2006,43,30,8735
HOU,2007,53,37,8735
HOU,2008,70,55,8754
HOU,2009,95,61,8731
HOU,2010,66,58,8733
HOU,2011,98,92,8813
HOU,2012,87,84,8753
HOU,2013,79,73,8730
HOU,2014,86,82,8732
HOU,2015,80,70,8725
HOU,2016,39,38,8759
HOU,2017,51,43,8733
HOU,2018,65,63,8735
HOU,2019,73,65,8734
HOU,2020,54,51,8758
HOU,2021,43,42,8729
HOU,2022,54,50,8731
HOU,2023,97,84,8738
HOU,2024,131,129,8763
HOU,2025,164,158,8725
TPA,2000,17,1,8638
TPA,2001,23,5,8731
TPA,2002,23,11,8716
TPA,2003,29,12,8727
TPA,2004,37,9,8735
TPA,2005,30,11,8722
TPA,2006,20,9,8723
TPA,2007,38,21,8708
TPA,2008,35,23,8697
TPA,2009,19,13,8704
TPA,2010,45,39,8696
TPA,2011,46,36,8705
TPA,2012,31,27,8749
TPA,2013,44,44,8713
TPA,2014,64,63,8728
TPA,2015,47,41,8702
TPA,2016,54,50,8749
TPA,2017,50,48,8705
TPA,2018,87,83,8583
TPA,2019,83,77,8726
TPA,2020,50,46,8751
TPA,2021,84,83,8733
TPA,2022,101,99,8729
TPA,2023,92,68,8736
TPA,2024,115,115,8751
TPA,2025,102,101,8726
SAT,2000,14,4,8558
SAT,2001,26,10,8677
SAT,2002,25,7,8615
SAT,2003,37,22,8728
SAT,2004,31,17,8716
SAT,2005,26,12,8678
SAT,2006,43,23,8711
SAT,2007,43,29,8621
SAT,2008,54,38,8533
SAT,2009,73,53,8682
SAT,2010,64,53,8667
SAT,2011,41,40,8536
SAT,2012,72,70,8767
SAT,2013,68,64,8178
SAT,2014,85,78,8730
SAT,2015,85,74,8733
SAT,2016,58,54,8755
SAT,2017,81,65,8731
SAT,2018,117,114,8733
SAT,2019,127,118,8731
SAT,2020,73,70,8760
SAT,2021,80,75,8736
SAT,2022,73,68,8732
SAT,2023,118,106,8736
SAT,2024,135,133,8760
SAT,2025,188,187,8736
OMA,2000,43,26,8754
OMA,2001,25,17,8728
OMA,2002,26,16,8721
OMA,2003,49,33,8732
OMA,2004,29,16,8756
OMA,2005,55,40,8735
OMA,2006,36,18,8734
OMA,2007,45,33,8730
OMA,2008,61,55,8758
OMA,2009,94,84,8732
OMA,2010,81,77,8734
OMA,2011,63,61,8835
OMA,2012,50,49,8757
OMA,2013,64,61,8734
OMA,2014,49,45,8733
OMA,2015,96,83,8734
OMA,2016,59,54,8757
OMA,2017,63,61,8735
OMA,2018,71,70,8726
OMA,2019,92,87,8734
OMA,2020,37,35,8758
OMA,2021,63,61,8734
OMA,2022,54,53,8734
OMA,2023,66,62,8736
OMA,2024,57,51,8761
OMA,2025,64,58,8643
PHX,2000,28,2,8724
PHX,2001,35,11,8702
PHX,2002,40,16,8659
PHX,2003,27,7,8732
PHX,2004,42,16,8748
PHX,2005,39,13,6116
PHX,2006,30,24,8695
PHX,2007,38,24,8688
PHX,2008,36,29,8732
PHX,2009,56,42,8722
PHX,2010,59,56,8722
PHX,2011,48,46,8727
PHX,2012,34,34,8747
PHX,2013,40,38,8723
PHX,2014,56,52,8731
PHX,2015,56,49,8710
PHX,2016,60,56,8757
PHX,2017,43,40,8724
PHX,2018,46,44,8713
PHX,2019,47,41,8730
PHX,2020,12,11,8749
PHX,2021,46,43,8723
PHX,2022,66,63,8730
PHX,2023,94,76,8730
PHX,2024,94,92,8751
PHX,2025,95,92,8727
STL,2000,34,9,8606
STL,2001,69,34,8594
STL,2002,65,18,8668
STL,2003,59,36,6716
STL,2004,45,28,8734
STL,2005,59,45,8734
STL,2006,42,35,8732
STL,2007,63,41,8730
STL,2008,70,60,8755
STL,2009,71,61,8727
STL,2010,64,58,8734
STL,2011,58,56,8743
STL,2012,91,85,8758
STL,2013,78,75,8733
STL,2014,70,68,8734
STL,2015,58,48,8732
STL,2016,80,75,8760
STL,2017,101,96,8736
STL,2018,123,117,8734
STL,2019,120,111,8732
STL,2020,62,55,8760
STL,2021,84,78,8736
STL,2022,138,131,8732
STL,2023,130,121,8751
STL,2024,144,141,8769
STL,2025,178,174,8710
SJC,2000,14,6,8684
SJC,2001,22,10,8635
SJC,2002,24,13,8712
SJC,2003,29,19,8703
SJC,2004,35,17,8748
SJC,2005,33,28,8729
SJC,2006,43,38,8733
SJC,2007,40,35,8732
SJC,2008,47,38,8758
SJC,2009,65,55,8735
SJC,2010,51,47,8735
SJC,2011,51,49,8736
SJC,2012,39,39,8759
SJC,2013,74,72,8734
SJC,2014,56,55,8735
SJC,2015,53,50,8734
SJC,2016,63,63,8758
SJC,2017,55,54,8736
SJC,2018,103,101,8705
SJC,2019,72,65,8726
SJC,2020,39,37,8749
SJC,2021,38,37,8732
SJC,2022,79,71,8723
SJC,2023,43,28,8736
SJC,2024,106,106,8756
SJC,2025,104,99,8720
OAK,2000,44,31,8671
OAK,2001,38,25,8689
OAK,2002,27,17,8713
OAK,2003,60,27,8707
OAK,2004,50,34,8743
OAK,2005,79,55,8700
OAK,2006,76,61,8717
OAK,2007,82,69,8708
OAK,2008,46,35,8747
OAK,2009,43,37,8726
OAK,2010,53,45,8717
OAK,2011,66,60,8731
OAK,2012,66,63,8758
OAK,2013,45,41,8718
OAK,2014,77,75,8719
OAK,2015,69,64,8708
OAK,2016,53,51,8757
OAK,2017,60,55,8721
OAK,2018,85,84,8719
OAK,2019,102,101,8733
OAK,2020,35,34,8750
OAK,2021,43,41,8710
OAK,2022,89,86,8725
OAK,2023,84,66,8731
OAK,2024,113,112,8758
OAK,2025,107,104,8730
MIA,2000,24,8,8630
MIA,2001,33,13,8564
MIA,2002,28,18,8618
MIA,2003,52,27,6140
MIA,2004,32,23,8718
MIA,2005,49,36,8735
MIA,2006,32,18,8732
MIA,2007,21,11,8734
MIA,2008,27,24,8756
MIA,2009,58,44,8732
MIA,2010,38,35,8734
MIA,2011,62,62,8739
MIA,2012,56,53,8756
MIA,2013,82,81,8730
MIA,2014,87,76,8727
MIA,2015,66,55,8730
MIA,2016,66,63,8759
MIA,2017,71,68,8731
MIA,2018,77,75,8732
MIA,2019,101,87,8727
MIA,2020,49,37,8747
MIA,2021,83,81,8727
MIA,2022,116,115,8731
MIA,2023,117,112,8735
MIA,2024,142,139,8760
MIA,2025,133,130,8723
JAX,2000,21,5,8546
JAX,2001,7,2,8730
JAX,2002,32,6,8722
JAX,2003,31,10,8704
JAX,2004,21,5,8751
JAX,2005,26,12,8730
JAX,2006,52,38,8734
JAX,2007,25,14,8733
JAX,2008,37,19,8750
JAX,2009,49,33,8732
JAX,2010,34,30,8732
JAX,2011,43,39,8743
JAX,2012,35,34,8758
JAX,2013,34,29,8735
JAX,2014,49,48,8732
JAX,2015,52,46,8728
JAX,2016,40,37,8758
JAX,2017,71,69,8734
JAX,2018,77,76,8726
JAX,2019,68,62,8729
JAX,2020,27,24,8754
JAX,2021,61,53,8731
JAX,2022,77,76,8729
JAX,2023,50,42,8734
JAX,2024,62,62,8758
JAX,2025,108,107,8730
MKE,2000,27,22,8655
MKE,2001,12,10,8732
MKE,2002,17,15,8718
MKE,2003,18,12,8725
MKE,2004,24,13,8724
MKE,2005,12,7,8732
MKE,2006,17,11,8731
MKE,2007,37,34,8728
MKE,2008,37,35,8753
MKE,2009,23,19,8728
MKE,2010,39,39,8727
MKE,2011,38,38,8886
MKE,2012,33,28,8756
MKE,2013,34,33,8731
MKE,2014,45,40,8732
MKE,2015,36,36,8734
MKE,2016,34,34,8754
MKE,2017,35,33,8731
MKE,2018,35,34,8731
MKE,2019,35,31,8732
MKE,2020,18,16,8756
MKE,2021,28,25,8733
MKE,2022,26,25,8728
MKE,2023,35,31,8737
MKE,2024,47,46,8761
MKE,2025,49,47,8726
GRR,2000,14,8,8542
GRR,2001,22,13,8702
GRR,2002,24,19,8702
GRR,2003,18,9,8723
GRR,2004,26,17,8734
GRR,2005,15,13,8713
GRR,2006,23,19,8749
GRR,2007,18,17,8673
GRR,2008,18,18,8724
GRR,2009,21,21,8720
GRR,2010,17,17,8721
GRR,2011,28,27,8719
GRR,2012,18,18,8756
GRR,2013,21,21,8710
GRR,2014,30,29,8710
GRR,2015,20,20,8710
GRR,2016,14,14,8748
GRR,2017,26,26,8711
GRR,2018,23,23,8711
GRR,2019,40,40,8717
GRR,2020,22,22,8722
GRR,2021,39,38,8726
GRR,2022,19,19,8722
GRR,2023,52,46,8723
GRR,2024,38,38,8749
GRR,2025,58,58,8719
OKC,2000,14,1,8655
OKC,2001,10,4,8731
OKC,2002,9,5,8706
OKC,2003,7,4,8710
OKC,2004,17,14,8738
OKC,2005,14,12,8677
OKC,2006,8,5,8693
OKC,2007,29,25,8687
OKC,2008,13,11,8723
OKC,2009,29,27,8697
OKC,2010,27,22,8702
OKC,2011,24,23,8694
OKC,2012,24,23,8725
OKC,2013,34,33,8717
OKC,2014,41,39,8726
OKC,2015,33,31,8706
OKC,2016,27,27,8757
OKC,2017,28,28,8717
OKC,2018,65,65,8708
OKC,2019,43,42,8728
OKC,2020,26,26,8736
OKC,2021,11,8,8706
OKC,2022,27,25,8694
OKC,2023,42,32,8736
OKC,2024,56,54,8752
OKC,2025,59,57,8727
DSM,2000,14,5,8737
DSM,2001,15,6,8710
DSM,2002,13,5,8731
DSM,2003,19,2,8732
DSM,2004,20,5,8743
DSM,2005,21,14,8733
DSM,2006,42,36,8732
DSM,2007,38,29,8726
DSM,2008,38,33,8746
DSM,2009,33,25,8730
DSM,2010,44,42,8730
DSM,2011,11,11,8738
DSM,2012,8,8,8749
DSM,2013,12,12,8712
DSM,2014,23,23,8732
DSM,2015,36,28,8726
DSM,2016,44,43,8753
DSM,2017,43,43,8728
DSM,2018,49,47,8728
DSM,2019,45,44,8728
DSM,2020,50,48,8752
DSM,2021,54,54,8732
DSM,2022,43,42,8735
DSM,2023,49,41,8737
DSM,2024,64,58,8760
DSM,2025,67,63,8733
MDT,2000,19,11,8510
MDT,2001,36,19,8648
MDT,2002,15,12,8718
MDT,2003,8,7,8713
MDT,2004,19,11,8572
MDT,2005,20,13,8692
MDT,2006,22,13,8691
MDT,2007,46,38,8630
MDT,2008,16,10,8693
MDT,2009,16,15,8674
MDT,2010,62,62,8719
MDT,2011,94,92,8713
MDT,2012,67,66,8742
MDT,2013,45,44,8706
MDT,2014,69,66,8725
MDT,2015,52,43,8693
MDT,2016,63,63,8736
MDT,2017,35,35,8687
MDT,2018,43,43,8705
MDT,2019,70,63,8720
MDT,2020,39,34,8713
MDT,2021,38,38,8722
MDT,2022,42,42,8705
MDT,2023,30,25,8710
MDT,2024,53,51,8751
MDT,2025,59,58,8729
BDL,2000,18,2,8678
BDL,2001,31,8,8720
BDL,2002,23,11,8709
BDL,2003,27,10,8706
BDL,2004,18,9,8742
BDL,2005,29,23,8726
BDL,2006,19,16,8694
BDL,2007,33,26,8696
BDL,2008,35,31,8691
BDL,2009,24,17,8717
BDL,2010,48,47,8703
BDL,2011,33,32,8722
BDL,2012,47,46,8747
BDL,2013,36,36,8721
BDL,2014,38,36,8729
BDL,2015,47,45,8711
BDL,2016,37,36,8756
BDL,2017,34,34,8710
BDL,2018,44,42,8723
BDL,2019,33,30,8725
BDL,2020,16,14,8750
BDL,2021,33,29,8727
BDL,2022,52,51,8729
BDL,2023,64,47,8737
BDL,2024,46,45,8752
BDL,2025,44,43,8726
ONT,2000,7,2,8683
ONT,2001,9,1,8682
ONT,2002,16,6,8700
ONT,2003,16,14,8714
ONT,2004,24,15,8700
ONT,2005,32,23,8721
ONT,2006,40,30,8717
ONT,2007,51,36,8564
ONT,2008,25,23,8749
ONT,2009,43,37,8726
ONT,2010,24,18,8722
ONT,2011,24,21,8727
ONT,2012,57,56,8752
ONT,2013,36,36,8681
ONT,2014,39,36,8732
ONT,2015,39,33,8713
ONT,2016,26,23,8757
ONT,2017,28,24,8721
ONT,2018,33,31,8719
ONT,2019,41,35,8729
ONT,2020,29,25,8744
ONT,2021,39,34,8730
ONT,2022,27,26,8732
ONT,2023,51,44,8727
ONT,2024,55,55,8752
ONT,2025,70,69,8725
SFB,2000,5,5,8658
SFB,2001,15,12,8650
SFB,2002,23,23,8680
SFB,2003,12,10,8699
SFB,2004,7,7,8687
SFB,2005,13,11,8713
SFB,2006,13,11,8721
SFB,2007,13,11,8726
SFB,2008,16,12,8748
SFB,2009,28,28,8731
SFB,2010,27,27,8713
SFB,2011,29,28,8714
SFB,2012,42,40,8756
SFB,2013,36,36,8723
SFB,2014,55,53,8720
SFB,2015,42,39,8726
SFB,2016,40,38,8757
SFB,2017,62,62,8726
SFB,2018,94,93,8727
SFB,2019,84,79,8721
SFB,2020,48,42,8749
SFB,2021,52,52,8728
SFB,2022,72,71,8729
SFB,2023,71,40,8735
SFB,2024,72,55,8764
SFB,2025,103,78,8590
SRQ,2000,6,2,8712
SRQ,2001,12,9,8347
SRQ,2002,7,3,8554
SRQ,2003,6,6,8647
SRQ,2004,5,4,8640
SRQ,2005,6,6,8720
SRQ,2006,9,8,8718
SRQ,2007,14,13,8712
SRQ,2008,6,5,8737
SRQ,2009,9,8,8717
SRQ,2010,4,4,8727
SRQ,2011,18,17,8723
SRQ,2012,14,14,8751
SRQ,2013,8,8,8731
SRQ,2014,14,12,8725
SRQ,2015,8,7,8729
SRQ,2016,19,19,8729
SRQ,2017,17,17,8731
SRQ,2018,19,19,8689
SRQ,2019,26,25,8657
SRQ,2020,31,30,8734
SRQ,2021,37,36,8730
SRQ,2022,45,45,8719
SRQ,2023,58,34,8734
SRQ,2024,43,41,8764
SRQ,2025,59,55,8680
LIT,2000,8,1,8521
LIT,2001,10,5,8547
LIT,2002,10,1,8563
LIT,2003,18,10,8569
LIT,2004,6,4,8716
LIT,2005,10,5,8693
LIT,2006,14,9,8695
LIT,2007,16,12,8691
LIT,2008,29,12,8719
LIT,2009,18,16,8703
LIT,2010,13,12,8718
LIT,2011,22,20,8713
LIT,2012,25,24,8755
LIT,2013,28,24,8718
LIT,2014,25,24,8732
LIT,2015,30,25,8702
LIT,2016,33,33,8743
LIT,2017,41,41,8722
LIT,2018,38,36,8717
LIT,2019,58,53,8715
LIT,2020,27,27,8735
LIT,2021,38,37,8685
LIT,2022,56,55,8699
LIT,2023,37,27,8706
LIT,2024,42,42,8736
LIT,2025,48,47,8685
RDU,2000,49,24,8578
RDU,2001,37,20,8717
RDU,2002,15,11,8728
RDU,2003,31,24,8733
RDU,2004,30,21,8741
RDU,2005,17,10,8730
RDU,2006,21,9,8715
RDU,2007,18,12,8713
RDU,2008,37,25,8722
RDU,2009,34,29,8725
RDU,2010,32,31,8726
RDU,2011,38,36,8725
RDU,2012,46,43,8755
RDU,2013,56,54,8722
RDU,2014,53,50,8732
RDU,2015,37,33,8715
RDU,2016,43,41,8750
RDU,2017,55,52,8729
RDU,2018,61,60,8719
RDU,2019,39,35,8727
RDU,2020,36,28,8747
RDU,2021,43,39,8727
RDU,2022,60,58,8730
RDU,2023,56,42,8734
RDU,2024,35,35,8751
RDU,2025,68,68,8719
LGB,2000,5,2,8627
LGB,2001,8,8,8676
LGB,2002,12,11,8676
LGB,2003,7,7,8716
LGB,2004,14,5,4713
LGB,2005,15,15,8709
LGB,2006,21,21,8712
LGB,2007,26,16,8703
LGB,2008,11,10,8752
LGB,2009,45,44,8579
LGB,2010,30,27,8509
LGB,2011,31,28,8709
LGB,2012,30,30,8707
LGB,2013,39,38,8712
LGB,2014,26,25,8714
LGB,2015,21,15,8644
LGB,2016,23,23,8740
LGB,2017,22,21,8721
LGB,2018,21,19,8716
LGB,2019,28,27,8707
LGB,2020,30,30,8733
LGB,2021,22,22,8718
LGB,2022,24,23,8729
LGB,2023,53,47,8708
LGB,2024,83,79,8224
LGB,2025,95,95,8455
RIC,2000,20,6,8697
RIC,2001,21,12,8713
RIC,2002,17,12,8719
RIC,2003,10,7,8718
RIC,2004,12,9,8742
RIC,2005,12,10,8708
RIC,2006,14,7,8719
RIC,2007,8,8,8700
RIC,2008,9,4,8737
RIC,2009,15,10,8697
RIC,2010,8,8,8721
RIC,2011,21,21,8730
RIC,2012,25,24,8756
RIC,2013,13,12,8723
RIC,2014,23,21,8725
RIC,2015,15,14,8702
RIC,2016,19,19,8738
RIC,2017,34,33,8726
RIC,2018,36,36,8720
RIC,2019,33,30,8730
RIC,2020,9,8,8743
RIC,2021,40,36,8721
RIC,2022,24,23,8719
RIC,2023,39,34,8730
RIC,2024,44,42,8735
RIC,2025,58,58,8724
PVD,2000,25,18,8669
PVD,2001,27,17,8719
PVD,2002,13,7,8709
PVD,2003,19,13,8709
PVD,2004,28,23,8730
PVD,2005,22,21,8727
PVD,2006,18,14,8708
PVD,2007,13,12,8701
PVD,2008,19,15,8738
PVD,2009,13,11,8700
PVD,2010,27,27,8689
PVD,2011,17,17,8729
PVD,2012,27,26,8742
PVD,2013,31,28,8697
PVD,2014,43,39,8717
PVD,2015,30,28,8679
PVD,2016,30,29,8722
PVD,2017,21,21,8659
PVD,2018,50,50,8682
PVD,2019,17,15,8678
PVD,2020,12,11,8709
PVD,2021,31,30,8699
PVD,2022,25,23,8695
PVD,2023,37,31,8720
PVD,2024,43,43,8726
PVD,2025,39,38,8691
ALB,2000,11,9,8590
ALB,2001,12,6,8722
ALB,2002,20,7,8679
ALB,2003,10,7,8675
ALB,2004,14,13,8754
ALB,2005,20,10,8724
ALB,2006,25,25,8699
ALB,2007,9,6,8685
ALB,2008,29,27,8713
ALB,2009,27,24,8713
ALB,2010,19,19,8719
ALB,2011,21,20,8736
ALB,2012,33,33,8751
ALB,2013,25,25,8709
ALB,2014,28,27,8729
ALB,2015,18,15,8711
ALB,2016,44,39,8754
ALB,2017,26,26,8711
ALB,2018,30,30,8720
ALB,2019,30,28,8728
ALB,2020,22,20,8749
ALB,2021,25,24,8716
ALB,2022,38,38,8724
ALB,2023,42,42,8734
ALB,2024,37,37,8762
ALB,2025,48,45,8704
ACY,2000,1,0,8687
ACY,2001,10,5,8657
ACY,2002,12,10,8679
ACY,2003,12,8,8706
ACY,2004,27,27,8725
ACY,2005,8,8,8724
ACY,2006,15,14,8729
ACY,2007,6,6,8724
ACY,2008,6,6,8751
ACY,2009,11,10,8720
ACY,2010,15,14,8711
ACY,2011,15,15,8716
ACY,2012,16,15,8640
ACY,2013,7,7,8696
ACY,2014,16,15,8719
ACY,2015,6,6,8650
ACY,2016,9,9,8745
ACY,2017,9,9,8702
ACY,2018,7,7,8717
ACY,2019,10,10,8582
ACY,2020,7,1,8701
ACY,2021,9,9,8703
ACY,2022,13,13,8700
ACY,2023,8,8,8687
ACY,2024,14,14,8753
ACY,2025,5,5,8713
MFE,2000,0,0,8678
MFE,2001,2,2,8531
MFE,2002,1,1,8617
MFE,2003,0,0,8588
MFE,2004,0,0,8700
MFE,2005,2,2,8635
MFE,2006,1,1,8407
MFE,2007,2,2,8517
MFE,2008,1,1,8664
MFE,2009,10,9,8663
MFE,2010,11,11,8642
MFE,2011,7,6,8523
MFE,2012,11,11,8752
MFE,2013,14,14,8691
MFE,2014,10,10,8717
MFE,2015,24,17,8704
MFE,2016,17,17,8751
MFE,2017,24,23,8711
MFE,2018,24,24,8667
MFE,2019,37,34,8721
MFE,2020,11,10,8728
MFE,2021,24,20,8614
MFE,2022,16,15,8693
MFE,2023,20,18,8690
MFE,2024,30,29,8740
MFE,2025,44,41,8652
CHS,2000,4,3,8700
CHS,2001,9,6,8713
CHS,2002,10,2,8725
CHS,2003,9,8,8733
CHS,2004,3,2,8758
CHS,2005,2,1,8724
CHS,2006,2,2,8726
CHS,2007,8,5,8713
CHS,2008,3,3,8724
CHS,2009,6,4,8692
CHS,2010,15,14,8712
CHS,2011,9,8,8715
CHS,2012,9,8,8757
CHS,2013,13,13,8722
CHS,2014,44,38,8715
CHS,2015,46,29,8705
CHS,2016,35,32,8754
CHS,2017,30,30,8727
CHS,2018,39,38,8720
CHS,2019,69,67,8729
CHS,2020,28,18,8740
CHS,2021,60,57,8729
CHS,2022,52,51,8727
CHS,2023,40,37,8734
CHS,2024,60,53,8752
CHS,2025,58,54,8734
BHM,2000,58,6,8420
BHM,2001,21,10,8550
BHM,2002,25,14,8721
BHM,2003,37,27,8725
BHM,2004,48,37,8741
BHM,2005,29,26,8720
BHM,2006,27,21,8707
BHM,2007,51,40,8648
BHM,2008,29,24,8675
BHM,2009,48,41,8718
BHM,2010,28,27,8711
BHM,2011,14,12,8713
BHM,2012,56,55,8744
BHM,2013,59,40,8710
BHM,2014,29,27,8715
BHM,2015,14,10,8696
BHM,2016,25,22,8741
BHM,2017,22,22,8706
BHM,2018,28,26,8711
BHM,2019,20,16,8725
BHM,2020,26,17,8729
BHM,2021,48,46,8726
BHM,2022,41,36,8707
BHM,2023,57,53,8729
BHM,2024,57,56,8751
BHM,2025,38,37,8718
BUF,2000,30,25,8746
BUF,2001,11,9,8709
BUF,2002,22,18,8720
BUF,2003,36,25,8700
BUF,2004,40,35,8730
BUF,2005,37,29,8728
BUF,2006,33,27,8707
BUF,2007,45,36,8712
BUF,2008,32,30,8744
BUF,2009,59,51,8706
BUF,2010,45,40,8732
BUF,2011,39,37,8740
BUF,2012,34,32,8757
BUF,2013,28,27,8728
BUF,2014,30,28,8735
BUF,2015,23,22,8730
BUF,2016,15,14,8750
BUF,2017,26,26,8730
BUF,2018,34,30,8730
BUF,2019,31,30,8728
BUF,2020,7,6,8752
BUF,2021,17,17,8693
BUF,2022,22,22,8726
BUF,2023,26,23,8738
BUF,2024,34,33,8759
BUF,2025,39,39,8727
DAY,2000,13,8,8712
DAY,2001,13,4,8730
DAY,2002,23,20,8709
DAY,2003,12,10,8724
DAY,2004,24,19,8392
DAY,2005,15,11,8704
DAY,2006,6,6,8724
DAY,2007,10,7,8710
DAY,2008,6,5,8742
DAY,2009,17,15,8722
DAY,2010,15,14,8709
DAY,2011,12,11,8720
DAY,2012,14,13,8757
DAY,2013,5,5,8725
DAY,2014,43,41,8727
DAY,2015,25,24,8711
DAY,2016,25,24,8757
DAY,2017,24,24,8729
DAY,2018,24,24,8733
DAY,2019,20,20,8733
DAY,2020,14,12,8757
DAY,2021,15,14,8734
DAY,2022,16,16,8732
DAY,2023,12,11,8737
DAY,2024,25,24,8759
DAY,2025,12,12,8733
HPN,2000,13,9,8114
HPN,2001,25,18,5976
HPN,2002,31,27,8710
HPN,2003,33,19,8689
HPN,2004,20,18,8722
HPN,2005,31,27,8720
HPN,2006,27,23,8726
HPN,2007,13,8,8731
HPN,2008,31,28,8755
HPN,2009,32,31,8720
HPN,2010,26,18,8733
HPN,2011,21,21,8737
HPN,2012,39,34,8728
HPN,2013,20,19,8731
HPN,2014,41,40,8728
HPN,2015,24,23,8720
HPN,2016,26,25,8755
HPN,2017,37,36,8721
HPN,2018,38,37,8733
HPN,2019,27,27,8697
HPN,2020,9,7,8749
HPN,2021,21,20,8711
HPN,2022,47,45,8727
HPN,2023,41,32,8727
HPN,2024,51,51,8756
HPN,2025,46,46,8710
COS,2000,9,5,8666
COS,2001,5,2,8729
COS,2002,8,3,8716
COS,2003,14,8,8727
COS,2004,18,13,8724
COS,2005,11,9,8725
COS,2006,6,3,8725
COS,2007,41,35,8664
COS,2008,21,18,8710
COS,2009,29,19,8667
COS,2010,13,12,8672
COS,2011,13,13,8684
COS,2012,13,13,8754
COS,2013,10,10,8722
COS,2014,21,21,8729
COS,2015,26,22,8712
COS,2016,16,12,8755
COS,2017,12,12,8726
COS,2018,20,20,8721
COS,2019,14,13,8730
COS,2020,5,5,8747
COS,2021,36,36,8725
COS,2022,29,28,8731
COS,2023,35,31,8736
COS,2024,31,31,8752
COS,2025,34,34,8731
BKL,2000,16,14,8601
BKL,2001,10,9,8290
BKL,2002,19,10,8571
BKL,2003,14,11,8429
BKL,2004,9,7,8662
BKL,2005,12,11,8694
BKL,2006,13,13,8668
BKL,2007,17,17,8646
BKL,2008,16,16,8706
BKL,2009,7,6,8718
BKL,2010,19,18,8695
BKL,2011,9,9,8695
BKL,2012,5,5,8752
BKL,2013,11,11,8712
BKL,2014,18,17,8716
BKL,2015,18,17,8692
BKL,2016,13,13,8705
BKL,2017,14,11,8723
BKL,2018,6,6,8710
BKL,2019,10,9,8723
BKL,2020,9,7,8744
BKL,2021,9,9,8721
BKL,2022,20,20,8730
BKL,2023,10,4,8734
BKL,2024,16,16,8756
BKL,2025,13,13,8729
DAB,2000,17,11,8671
DAB,2001,17,0,8713
DAB,2002,4,4,8710
DAB,2003,5,4,8704
DAB,2004,10,9,8719
DAB,2005,11,10,8711
DAB,2006,10,10,8732
DAB,2007,9,8,8730
DAB,2008,22,22,8753
DAB,2009,15,12,8726
DAB,2010,18,18,8732
DAB,2011,10,10,8743
DAB,2012,29,27,8752
DAB,2013,21,21,8725
DAB,2014,20,15,8728
DAB,2015,19,16,8728
DAB,2016,31,31,8756
DAB,2017,32,32,8736
DAB,2018,20,20,8730
DAB,2019,43,43,8732
DAB,2020,23,21,8757
DAB,2021,17,17,8725
DAB,2022,16,15,8732
DAB,2023,25,18,8737
DAB,2024,38,37,8761
DAB,2025,45,45,8719
SAN,2000,12,8,8716
SAN,2001,13,7,8728
SAN,2002,16,6,8728
SAN,2003,15,11,8730
SAN,2004,20,8,8733
SAN,2005,23,13,8729
SAN,2006,28,22,8730
SAN,2007,13,10,8735
SAN,2008,16,11,8755
SAN,2009,20,18,8731
SAN,2010,21,14,8730
SAN,2011,19,17,8733
SAN,2012,29,29,8754
SAN,2013,19,17,8731
SAN,2014,21,20,8726
SAN,2015,16,12,8731
SAN,2016,27,25,8755
SAN,2017,25,23,8734
SAN,2018,23,23,8735
SAN,2019,19,17,8735
SAN,2020,14,13,8757
SAN,2021,18,18,8735
SAN,2022,26,21,8732
SAN,2023,29,25,8732
SAN,2024,38,37,8759
SAN,2025,45,43,8731
SBA,2000,22,10,8745
SBA,2001,23,13,8680
SBA,2002,24,21,8710
SBA,2003,18,11,8717
SBA,2004,27,25,8714
SBA,2005,22,16,8703
SBA,2006,26,23,8658
SBA,2007,15,13,8712
SBA,2008,13,11,8729
SBA,2009,16,14,8724
SBA,2010,25,25,8696
SBA,2011,13,11,8725
SBA,2012,14,13,8750
SBA,2013,14,13,8719
SBA,2014,7,7,8714
SBA,2015,17,15,8706
SBA,2016,16,15,8753
SBA,2017,14,14,8703
SBA,2018,32,31,8682
SBA,2019,27,26,8724
SBA,2020,17,15,8077
SBA,2021,24,23,8729
SBA,2022,24,24,8629
SBA,2023,37,24,8671
SBA,2024,67,67,8732
SBA,2025,33,33,8664
IWA,2000,1,1,4889
IWA,2001,2,0,2990
IWA,2002,3,1,3321
IWA,2003,3,2,3496
IWA,2004,3,1,3815
IWA,2005,6,4,4176
IWA,2006,9,4,4449
IWA,2007,7,3,4053
IWA,2008,3,0,4261
IWA,2009,5,1,4835
IWA,2010,3,2,4494
IWA,2011,13,13,8200
IWA,2012,14,7,5210
IWA,2013,19,19,5415
IWA,2014,19,19,5713
IWA,2015,12,10,5629
IWA,2016,10,7,5090
IWA,2017,23,19,4792
IWA,2018,29,22,4173
IWA,2019,74,43,3110
IWA,2020,28,15,3907
IWA,2021,31,28,4446
IWA,2022,17,10,5725
IWA,2023,66,41,8536
IWA,2024,42,36,8492
IWA,2025,20,13,8510
HSV,2000,1,1,8575
HSV,2001,9,5,8653
HSV,2002,1,1,8724
HSV,2003,0,0,8714
HSV,2004,4,2,8731
HSV,2005,3,3,8712
HSV,2006,3,2,8700
HSV,2007,0,0,8703
HSV,2008,6,5,8718
HSV,2009,9,8,8714
HSV,2010,9,9,8719
HSV,2011,20,19,8724
HSV,2012,7,6,8751
HSV,2013,14,14,8716
HSV,2014,21,20,8725
HSV,2015,26,20,8698
HSV,2016,6,6,8754
HSV,2017,11,11,8721
HSV,2018,27,26,8712
HSV,2019,12,12,8707
HSV,2020,18,8,8732
HSV,2021,10,10,8702
HSV,2022,25,24,8710
HSV,2023,36,35,8694
HSV,2024,20,20,8757
HSV,2025,40,36,8654
TYS,2000,9,2,8734
TYS,2001,12,5,8724
TYS,2002,3,0,8722
TYS,2003,14,2,8731
TYS,2004,3,0,8754
TYS,2005,12,6,8728
TYS,2006,9,8,8719
TYS,2007,4,4,8707
TYS,2008,5,2,8746
TYS,2009,11,10,8723
TYS,2010,25,23,8717
TYS,2011,9,9,8755
TYS,2012,10,10,8742
TYS,2013,9,9,8617
TYS,2014,10,10,8492
TYS,2015,9,3,8427
TYS,2016,5,5,8486
TYS,2017,16,16,8681
TYS,2018,23,23,8704
TYS,2019,19,19,8688
TYS,2020,18,13,8742
TYS,2021,11,11,8719
TYS,2022,17,15,8723
TYS,2023,40,33,8718
TYS,2024,63,61,8752
TYS,2025,51,43,8735
LAS,2000,25,6,8620
LAS,2001,13,2,8725
LAS,2002,18,4,8705
LAS,2003,10,6,8731
LAS,2004,15,3,8725
LAS,2005,25,16,8731
LAS,2006,32,16,8731
LAS,2007,25,12,8706
LAS,2008,11,10,8749
LAS,2009,30,25,8665
LAS,2010,12,11,8730
LAS,2011,17,16,8729
LAS,2012,20,18,8754
LAS,2013,24,23,8726
LAS,2014,38,32,8732
LAS,2015,34,27,8709
LAS,2016,25,21,8754
LAS,2017,31,30,8717
LAS,2018,45,43,8723
LAS,2019,37,32,8732
LAS,2020,5,5,8748
LAS,2021,19,18,8729
LAS,2022,27,27,8731
LAS,2023,38,31,8730
LAS,2024,51,46,8737
LAS,2025,53,52,8728
ORF,2000,12,9,8700
ORF,2001,23,13,8723
ORF,2002,26,12,8710
ORF,2003,15,3,8692
ORF,2004,23,20,8749
ORF,2005,26,20,8723
ORF,2006,20,18,8722
ORF,2007,35,28,8698
ORF,2008,25,22,8743
ORF,2009,22,20,8721
ORF,2010,24,20,8723
ORF,2011,18,18,8734
ORF,2012,20,19,8667
ORF,2013,17,16,8717
ORF,2014,28,27,8724
ORF,2015,18,15,8687
ORF,2016,22,18,8712
ORF,2017,27,27,8646
ORF,2018,17,17,8698
ORF,2019,24,24,8690
ORF,2020,20,20,8705
ORF,2021,25,25,8686
ORF,2022,37,36,8684
ORF,2023,37,28,8721
ORF,2024,25,24,8734
ORF,2025,30,30,8728
LEX,2000,6,4,8576
LEX,2001,6,4,8715
LEX,2002,9,8,8698
LEX,2003,11,11,8709
LEX,2004,11,10,8735
LEX,2005,11,9,8594
LEX,2006,10,9,8713
LEX,2007,18,13,8706
LEX,2008,11,10,8584
LEX,2009,22,22,8707
LEX,2010,15,14,8695
LEX,2011,7,7,8700
LEX,2012,12,12,8747
LEX,2013,18,17,8720
LEX,2014,17,16,8722
LEX,2015,22,19,8680
LEX,2016,17,15,8730
LEX,2017,40,39,8716
LEX,2018,26,26,8702
LEX,2019,20,19,8704
LEX,2020,23,18,8702
LEX,2021,16,16,8712
LEX,2022,27,24,8680
LEX,2023,19,19,8585
LEX,2024,25,22,8656
LEX,2025,35,34,8631
TUL,2000,17,5,8735
TUL,2001,10,7,8730
TUL,2002,9,8,8722
TUL,2003,14,6,8720
TUL,2004,21,18,8754
TUL,2005,16,12,8733
TUL,2006,10,8,8732
TUL,2007,18,16,8718
TUL,2008,10,5,8752
TUL,2009,30,24,8721
TUL,2010,7,6,8731
TUL,2011,11,11,8721
TUL,2012,30,27,8759
TUL,2013,38,38,8729
TUL,2014,52,50,8731
TUL,2015,42,33,8725
TUL,2016,48,46,8754
TUL,2017,28,25,8729
TUL,2018,37,37,8731
TUL,2019,18,15,8725
TUL,2020,18,16,8757
TUL,2021,21,19,8733
TUL,2022,29,22,8732
TUL,2023,49,47,8735
TUL,2024,38,36,8760
TUL,2025,54,52,8724
MMU,2000,10,0,67
MMU,2001,0,0,36
MMU,2002,10,0,29
MMU,2003,13,0,42
MMU,2004,8,0,49
MMU,2005,8,0,60
MMU,2006,11,0,109
MMU,2007,8,0,94
MMU,2008,18,3,90
MMU,2009,9,0,49
MMU,2010,6,1,45
MMU,2011,15,5,2124
MMU,2012,19,10,2874
MMU,2013,14,2,2908
MMU,2014,13,1,2891
MMU,2015,13,6,2933
MMU,2016,13,7,2978
MMU,2017,14,12,7809
MMU,2018,13,12,7888
MMU,2019,17,16,7539
MMU,2020,10,5,6605
MMU,2021,12,12,7648
MMU,2022,15,15,8222
MMU,2023,28,26,8690
MMU,2024,8,7,8678
MMU,2025,14,12,8564
SAV,2000,13,9,8654
SAV,2001,19,14,8719
SAV,2002,6,6,8701
SAV,2003,10,9,8718
SAV,2004,20,4,8748
SAV,2005,19,17,8727
SAV,2006,32,31,8698
SAV,2007,23,20,8712
SAV,2008,31,26,8724
SAV,2009,32,29,8699
SAV,2010,28,24,8699
SAV,2011,16,14,8709
SAV,2012,19,17,8727
SAV,2013,31,29,8697
SAV,2014,36,35,8677
SAV,2015,50,46,8674
SAV,2016,24,23,8701
SAV,2017,18,18,8653
SAV,2018,44,42,8688
SAV,2019,30,25,8723
SAV,2020,27,23,8744
SAV,2021,42,42,8708
SAV,2022,39,37,8719
SAV,2023,47,42,8734
SAV,2024,54,46,8747
SAV,2025,44,42,8719
ABE,2000,13,4,8452
ABE,2001,10,3,8720
ABE,2002,13,8,8693
ABE,2003,10,5,8690
ABE,2004,32,15,8740
ABE,2005,12,5,8731
ABE,2006,5,5,8732
ABE,2007,5,5,8729
ABE,2008,9,8,8751
ABE,2009,12,10,8721
ABE,2010,16,15,8682
ABE,2011,28,24,8629
ABE,2012,18,18,8694
ABE,2013,9,8,8705
ABE,2014,25,22,8709
ABE,2015,8,8,8705
ABE,2016,12,12,8739
ABE,2017,19,19,8661
ABE,2018,24,23,8687
ABE,2019,26,23,8614
ABE,2020,25,24,8735
ABE,2021,44,44,8582
ABE,2022,15,14,8713
ABE,2023,32,31,8696
ABE,2024,46,40,8601
ABE,2025,18,18,8580
PBI,2000,13,6,8726
PBI,2001,10,3,8727
PBI,2002,9,4,8705
PBI,2003,22,9,8662
PBI,2004,8,1,8694
PBI,2005,11,5,8654
PBI,2006,11,6,8721
PBI,2007,15,4,8711
PBI,2008,4,4,8740
PBI,2009,13,12,8734
PBI,2010,16,14,8731
PBI,2011,8,6,8726
PBI,2012,8,5,8759
PBI,2013,6,4,8734
PBI,2014,34,31,8734
PBI,2015,35,19,8734
PBI,2016,43,41,8756
PBI,2017,18,17,8726
PBI,2018,43,43,8728
PBI,2019,39,34,8723
PBI,2020,10,8,8753
PBI,2021,37,36,8729
PBI,2022,37,35,8730
PBI,2023,57,45,8738
PBI,2024,45,45,8757
PBI,2025,47,46,8727
CRP,2000,12,7,8738
CRP,2001,3,1,8726
CRP,2002,3,2,8715
CRP,2003,5,2,8729
CRP,2004,4,4,8748
CRP,2005,12,9,8734
CRP,2006,4,4,8697
CRP,2007,7,7,8729
CRP,2008,3,3,8756
CRP,2009,11,7,8734
CRP,2010,6,6,8726
CRP,2011,6,6,8752
CRP,2012,14,14,8759
CRP,2013,8,8,8733
CRP,2014,26,26,8733
CRP,2015,26,20,8731
CRP,2016,20,20,8757
CRP,2017,21,17,8730
CRP,2018,25,22,8732
CRP,2019,23,20,8729
CRP,2020,29,25,8675
CRP,2021,23,23,8728
CRP,2022,20,17,8730
CRP,2023,28,24,8736
CRP,2024,35,34,8759
CRP,2025,35,31,8733
MSN,2000,12,7,8722
MSN,2001,7,4,8708
MSN,2002,13,4,8717
MSN,2003,10,9,8722
MSN,2004,12,10,8742
MSN,2005,12,6,8730
MSN,2006,8,5,8734
MSN,2007,18,15,8729
MSN,2008,17,14,8755
MSN,2009,17,14,8733
MSN,2010,16,15,8731
MSN,2011,13,13,8929
MSN,2012,10,10,8752
MSN,2013,13,10,8731
MSN,2014,24,24,8723
MSN,2015,26,26,8732
MSN,2016,16,15,8754
MSN,2017,12,11,8733
MSN,2018,13,13,8724
MSN,2019,15,15,8734
MSN,2020,14,12,8754
MSN,2021,34,34,8732
MSN,2022,29,28,8733
MSN,2023,20,19,8741
MSN,2024,22,22,8766
MSN,2025,32,32,8727
ABQ,2000,4,2,8530
ABQ,2001,3,0,8692
ABQ,2002,5,5,8696
ABQ,2003,9,4,8734
ABQ,2004,16,8,8743
ABQ,2005,23,16,8713
ABQ,2006,38,32,8713
ABQ,2007,29,20,8679
ABQ,2008,32,24,8720
ABQ,2009,24,19,8741
ABQ,2010,17,9,8685
ABQ,2011,15,13,8517
ABQ,2012,22,18,7196
ABQ,2013,10,8,8728
ABQ,2014,36,33,8735
ABQ,2015,19,15,8723
ABQ,2016,17,16,8740
ABQ,2017,21,16,8726
ABQ,2018,39,39,8719
ABQ,2019,15,13,8733
ABQ,2020,8,8,8752
ABQ,2021,12,12,8728
ABQ,2022,13,13,8698
ABQ,2023,25,22,8729
ABQ,2024,36,35,8753
ABQ,2025,33,32,8714
PIE,2000,4,0,8684
PIE,2001,6,5,8656
PIE,2002,6,4,8658
PIE,2003,7,3,8644
PIE,2004,12,12,8713
PIE,2005,10,7,8731
PIE,2006,1,1,8690
PIE,2007,6,3,8695
PIE,2008,6,4,8740
PIE,2009,17,15,8729
PIE,2010,16,16,8730
PIE,2011,15,15,8722
PIE,2012,20,16,8749
PIE,2013,18,18,8720
PIE,2014,22,22,8723
PIE,2015,27,22,8730
PIE,2016,23,20,8755
PIE,2017,42,39,8728
PIE,2018,45,45,8716
PIE,2019,38,31,8728
PIE,2020,18,14,8704
PIE,2021,25,24,8724
PIE,2022,31,30,8700
PIE,2023,36,21,8726
PIE,2024,51,44,8438
PIE,2025,46,38,8626
SNA,2000,17,3,8737
SNA,2001,10,5,8687
SNA,2002,22,12,8671
SNA,2003,12,10,8677
SNA,2004,11,6,8734
SNA,2005,8,5,8708
SNA,2006,21,17,8697
SNA,2007,17,13,8710
SNA,2008,12,11,8747
SNA,2009,16,15,8733
SNA,2010,20,19,8730
SNA,2011,23,23,8698
SNA,2012,28,26,8753
SNA,2013,25,24,8731
SNA,2014,27,26,8729
SNA,2015,34,31,8730
SNA,2016,39,39,8748
SNA,2017,30,27,8735
SNA,2018,21,21,8732
SNA,2019,25,22,8732
SNA,2020,15,15,8755
SNA,2021,43,41,8714
SNA,2022,36,34,8729
SNA,2023,35,34,8736
SNA,2024,30,29,8754
SNA,2025,27,26,8567
PWM,2000,3,1,8691
PWM,2001,11,0,8719
PWM,2002,8,5,8695
PWM,2003,5,5,8673
PWM,2004,2,0,8698
PWM,2005,7,6,8694
PWM,2006,8,7,8667
PWM,2007,16,13,8682
PWM,2008,14,13,8727
PWM,2009,14,13,8715
PWM,2010,9,9,8655
PWM,2011,22,18,8713
PWM,2012,15,15,8724
PWM,2013,17,17,8694
PWM,2014,8,6,8728
PWM,2015,11,9,8696
PWM,2016,20,20,8748
PWM,2017,11,10,8709
PWM,2018,25,25,8717
PWM,2019,13,13,8720
PWM,2020,22,20,8719
PWM,2021,25,24,8726
PWM,2022,35,35,8729
PWM,2023,39,37,8735
PWM,2024,47,47,8706
PWM,2025,33,33,8702
PIA,2000,5,5,8707
PIA,2001,10,7,8663
PIA,2002,6,2,8705
PIA,2003,4,3,8731
PIA,2004,3,3,8748
PIA,2005,1,1,8729
PIA,2006,18,15,8727
PIA,2007,7,7,8724
PIA,2008,6,6,8749
PIA,2009,17,17,8726
PIA,2010,19,19,8721
PIA,2011,6,6,8739
PIA,2012,15,15,8752
PIA,2013,16,13,8721
PIA,2014,19,19,8721
PIA,2015,21,18,8730
PIA,2016,10,10,8751
PIA,2017,17,17,8727
PIA,2018,14,14,8729
PIA,2019,17,13,8722
PIA,2020,13,11,8747
PIA,2021,16,16,8725
PIA,2022,15,15,8701
PIA,2023,20,13,8735
PIA,2024,9,8,8741
PIA,2025,29,29,8716
MYR,2000,11,6,8204
MYR,2001,3,2,2690
MYR,2002,7,2,2659
MYR,2003,9,5,2718
MYR,2004,3,1,2652
MYR,2005,8,5,2742
MYR,2006,6,2,2834
MYR,2007,7,4,3347
MYR,2008,3,3,3038
MYR,2009,14,5,2897
MYR,2010,14,7,3109
MYR,2011,13,11,7988
MYR,2012,9,6,2967
MYR,2013,10,6,3616
MYR,2014,24,14,4061
MYR,2015,16,11,4289
MYR,2016,25,6,1362
MYR,2017,40,38,4625
MYR,2018,36,36,8500
MYR,2019,23,22,8658
MYR,2020,15,14,8737
MYR,2021,25,25,8726
MYR,2022,35,33,8726
MYR,2023,39,32,8732
MYR,2024,43,39,8709
MYR,2025,38,34,8620
BTR,2000,21,6,8745
BTR,2001,6,2,8729
BTR,2002,15,0,8714
BTR,2003,14,1,8716
BTR,2004,7,1,8755
BTR,2005,3,2,8730
BTR,2006,19,15,8729
BTR,2007,13,10,8725
BTR,2008,1,1,8749
BTR,2009,16,15,8727
BTR,2010,11,9,8731
BTR,2011,12,12,8692
BTR,2012,28,25,8751
BTR,2013,17,15,8724
BTR,2014,17,16,8725
BTR,2015,6,4,8726
BTR,2016,26,21,8755
BTR,2017,17,17,8728
BTR,2018,14,14,8729
BTR,2019,0,0,8735
BTR,2020,15,14,8751
BTR,2021,5,5,8732
BTR,2022,6,6,8730
BTR,2023,10,9,8731
BTR,2024,16,16,8714
BTR,2025,16,16,8712
TUS,2000,7,2,8683
TUS,2001,12,3,8695
TUS,2002,8,5,8708
TUS,2003,9,7,8700
TUS,2004,6,5,8742
TUS,2005,10,10,8730
TUS,2006,6,1,8732
TUS,2007,12,8,8165
TUS,2008,2,2,8755
TUS,2009,25,25,8729
TUS,2010,11,10,8680
TUS,2011,19,16,8714
TUS,2012,10,6,8758
TUS,2013,13,12,8730
TUS,2014,10,10,8733
TUS,2015,19,17,8726
TUS,2016,15,10,8755
TUS,2017,25,22,8494
TUS,2018,24,24,8732
TUS,2019,25,22,8732
TUS,2020,3,2,8750
TUS,2021,16,16,8733
TUS,2022,11,11,8730
TUS,2023,23,22,8735
TUS,2024,13,13,8740
TUS,2025,11,11,8726
EVV,2000,0,0,8692
EVV,2001,5,1,8717
EVV,2002,8,1,8613
EVV,2003,13,6,8692
EVV,2004,17,7,8607
EVV,2005,9,3,8713
EVV,2006,16,5,8726
EVV,2007,28,2,8730
EVV,2008,12,3,8751
EVV,2009,5,0,8729
EVV,2010,7,5,8728
EVV,2011,2,1,8737
EVV,2012,12,12,8758
EVV,2013,24,22,8733
EVV,2014,47,45,8731
EVV,2015,28,26,8724
EVV,2016,21,21,8749
EVV,2017,26,26,8732
EVV,2018,19,18,8719
EVV,2019,20,19,8732
EVV,2020,9,9,8749
EVV,2021,28,28,8729
EVV,2022,6,6,8714
EVV,2023,26,22,8739
EVV,2024,32,31,8761
EVV,2025,29,29,8666
RFD,2000,2,2,8455
RFD,2001,1,1,8654
RFD,2002,4,4,8677
RFD,2003,1,1,8731
RFD,2004,1,1,8714
RFD,2005,16,8,8700
RFD,2006,17,13,8707
RFD,2007,15,12,8686
RFD,2008,18,17,8749
RFD,2009,13,12,8726
RFD,2010,17,17,8723
RFD,2011,20,20,8717
RFD,2012,20,19,8755
RFD,2013,18,16,8722
RFD,2014,15,15,8723
RFD,2015,10,10,8709
RFD,2016,15,12,8739
RFD,2017,10,7,8724
RFD,2018,23,22,8716
RFD,2019,29,19,8725
RFD,2020,19,12,8749
RFD,2021,34,22,8730
RFD,2022,24,22,8731
RFD,2023,21,15,8735
RFD,2024,24,23,8754
RFD,2025,20,20,8734
ELP,2000,6,0,8702
ELP,2001,2,0,8713
ELP,2002,14,5,8728
ELP,2003,6,2,8728
ELP,2004,11,5,8732
ELP,2005,6,3,8735
ELP,2006,8,6,8735
ELP,2007,36,24,8728
ELP,2008,11,10,8759
ELP,2009,34,23,8711
ELP,2010,13,11,8735
ELP,2011,5,5,8735
ELP,2012,13,10,8758
ELP,2013,6,6,8733
ELP,2014,16,16,8733
ELP,2015,39,36,8735
ELP,2016,8,7,8757
ELP,2017,19,17,8734
ELP,2018,23,21,8732
ELP,2019,21,17,8734
ELP,2020,13,13,8759
ELP,2021,11,6,8731
ELP,2022,19,19,8730
ELP,2023,34,30,8735
ELP,2024,28,28,8760
ELP,2025,31,31,8734
BUR,2000,8,8,8725
BUR,2001,2,1,8661
BUR,2002,14,10,8707
BUR,2003,22,16,8722
BUR,2004,15,11,8736
BUR,2005,17,12,8732
BUR,2006,18,17,8735
BUR,2007,28,22,8726
BUR,2008,11,10,8755
BUR,2009,22,19,8733
BUR,2010,24,20,8734
BUR,2011,61,60,8736
BUR,2012,18,16,8755
BUR,2013,24,24,8728
BUR,2014,18,18,8730
BUR,2015,20,20,8732
BUR,2016,30,27,8757
BUR,2017,12,11,8733
BUR,2018,12,12,8736
BUR,2019,32,31,8734
BUR,2020,21,20,8754
BUR,2021,5,5,8728
BUR,2022,8,7,8733
BUR,2023,19,16,8737
BUR,2024,48,47,8761
BUR,2025,30,30,8692
FWA,2000,12,9,8712
FWA,2001,5,5,8718
FWA,2002,6,6,8705
FWA,2003,9,8,8721
FWA,2004,6,6,8740
FWA,2005,5,5,8715
FWA,2006,9,4,8725
FWA,2007,15,14,8703
FWA,2008,8,6,8738
FWA,2009,9,9,8732
FWA,2010,3,3,8727
FWA,2011,16,16,8729
FWA,2012,11,11,8749
FWA,2013,8,8,8721
FWA,2014,9,7,8727
FWA,2015,16,15,8715
FWA,2016,11,10,8755
FWA,2017,11,11,8729
FWA,2018,18,17,8718
FWA,2019,14,13,8731
FWA,2020,21,18,8746
FWA,2021,20,20,8727
FWA,2022,17,17,8730
FWA,2023,22,19,8734
FWA,2024,10,8,8758
FWA,2025,17,17,8736
APA,2000,1,1,8652
APA,2001,0,0,8696
APA,2002,1,1,8705
APA,2003,3,3,8677
APA,2004,2,1,8709
APA,2005,1,1,8688
APA,2006,4,4,8685
APA,2007,1,1,8701
APA,2008,1,1,8743
APA,2009,7,7,8728
APA,2010,5,5,8710
APA,2011,15,15,8720
APA,2012,13,13,8749
APA,2013,7,7,8720
APA,2014,17,17,8730
APA,2015,14,14,8708
APA,2016,22,22,8755
APA,2017,22,22,8725
APA,2018,22,22,8717
APA,2019,19,16,8730
APA,2020,25,25,8748
APA,2021,8,8,8731
APA,2022,16,12,8719
APA,2023,17,12,8733
APA,2024,25,25,8736
APA,2025,23,23,8725
LCK,2000,3,3,8285
LCK,2001,1,1,2973
LCK,2002,6,0,4075
LCK,2003,1,1,8548
LCK,2004,4,4,8358
LCK,2005,4,3,12149
LCK,2006,2,1,5534
LCK,2007,6,6,4771
LCK,2008,6,5,4821
LCK,2009,8,7,15619
LCK,2010,9,7,15377
LCK,2011,3,3,8692
LCK,2012,14,10,8644
LCK,2013,20,20,8655
LCK,2014,6,5,8649
LCK,2015,4,4,8641
LCK,2016,11,11,8082
LCK,2017,15,12,8526
LCK,2018,23,23,8679
LCK,2019,22,20,8211
LCK,2020,23,22,8717
LCK,2021,16,15,8675
LCK,2022,16,16,8694
LCK,2023,16,16,8586
LCK,2024,9,7,8668
LCK,2025,11,11,8723
BOI,2000,6,3,8717
BOI,2001,6,0,8727
BOI,2002,4,2,8716
BOI,2003,6,4,8657
BOI,2004,8,6,8732
BOI,2005,20,20,8735
BOI,2006,13,10,8734
BOI,2007,16,12,8729
BOI,2008,8,6,8754
BOI,2009,11,10,8728
BOI,2010,16,16,8727
BOI,2011,9,8,8792
BOI,2012,21,20,8758
BOI,2013,12,12,8727
BOI,2014,13,13,8732
BOI,2015,12,11,8732
BOI,2016,36,30,8750
BOI,2017,13,12,8716
BOI,2018,17,16,8721
BOI,2019,17,14,8726
BOI,2020,11,11,8753
BOI,2021,17,17,8729
BOI,2022,17,17,8728
BOI,2023,17,15,8739
BOI,2024,26,25,8764
BOI,2025,20,19,8734
PSM,2000,3,3,8550
PSM,2001,4,4,8558
PSM,2002,5,5,8302
PSM,2003,3,3,8585
PSM,2004,6,6,7737
PSM,2005,5,5,8228
PSM,2006,2,2,8536
PSM,2007,2,2,8571
PSM,2008,0,0,8594
PSM,2009,0,0,8697
PSM,2010,6,6,8684
PSM,2011,0,0,8508
PSM,2012,0,0,8683
PSM,2013,3,3,5557
PSM,2014,6,6,8480
PSM,2015,4,4,8647
PSM,2016,7,7,8634
PSM,2017,3,3,8651
PSM,2018,3,3,8504
PSM,2019,10,10,8491
PSM,2020,8,6,8682
PSM,2021,9,9,8588
PSM,2022,22,22,8696
PSM,2023,7,7,8695
PSM,2024,3,3,8740
PSM,2025,4,4,8615
CID,2000,16,0,8702
CID,2001,10,2,8690
CID,2002,9,6,8708
CID,2003,7,2,8686
CID,2004,10,6,8727
CID,2005,9,2,8724
CID,2006,16,7,8731
CID,2007,11,2,8711
CID,2008,11,8,8746
CID,2009,13,10,8725
CID,2010,14,14,8727
CID,2011,19,19,8734
CID,2012,10,10,8754
CID,2013,14,14,8724
CID,2014,25,24,8721
CID,2015,27,18,8712
CID,2016,56,55,8751
CID,2017,16,16,8731
CID,2018,32,32,8723
CID,2019,46,40,8725
CID,2020,6,6,8730
CID,2021,30,29,8727
CID,2022,36,35,8728
CID,2023,27,16,8735
CID,2024,53,53,8755
CID,2025,22,22,8690
SGF,2000,2,1,8532
SGF,2001,1,0,4523
SGF,2002,11,0,5184
SGF,2003,6,1,8702
SGF,2004,9,2,8660
SGF,2005,17,10,8653
SGF,2006,16,13,8677
SGF,2007,19,17,8640
SGF,2008,7,7,8682
SGF,2009,18,12,8688
SGF,2010,19,17,8695
SGF,2011,12,12,8706
SGF,2012,13,12,8755
SGF,2013,23,23,8715
SGF,2014,14,14,8728
SGF,2015,18,16,8699
SGF,2016,28,27,8750
SGF,2017,22,19,8720
SGF,2018,20,20,8714
SGF,2019,29,28,8715
SGF,2020,21,18,8743
SGF,2021,19,19,8721
SGF,2022,18,18,8723
SGF,2023,28,22,8731
SGF,2024,25,24,8753
SGF,2025,27,24,8675
GSO,2000,9,4,8520
GSO,2001,2,0,8671
GSO,2002,9,4,8696
GSO,2003,10,5,8685
GSO,2004,9,3,8677
GSO,2005,11,3,8670
GSO,2006,12,5,8714
GSO,2007,15,5,8670
GSO,2008,6,4,8631
GSO,2009,5,3,8672
GSO,2010,6,6,8637
GSO,2011,5,5,8681
GSO,2012,4,4,8686
GSO,2013,7,6,8711
GSO,2014,22,19,8727
GSO,2015,15,12,8704
GSO,2016,12,10,8756
GSO,2017,11,11,8723
GSO,2018,21,18,8719
GSO,2019,52,46,8726
GSO,2020,20,14,8740
GSO,2021,27,26,8720
GSO,2022,25,25,8719
GSO,2023,30,28,8731
GSO,2024,23,23,8751
GSO,2025,24,22,8732
SBN,2000,1,0,8718
SBN,2001,4,1,8724
SBN,2002,9,8,8705
SBN,2003,6,4,8723
SBN,2004,6,2,8716
SBN,2005,3,2,8696
SBN,2006,12,10,8703
SBN,2007,13,11,8702
SBN,2008,1,1,8746
SBN,2009,17,15,8727
SBN,2010,9,8,8730
SBN,2011,3,3,8734
SBN,2012,9,8,8753
SBN,2013,6,6,8699
SBN,2014,9,9,8673
SBN,2015,12,12,8709
SBN,2016,12,12,8519
SBN,2017,20,20,8660
SBN,2018,12,12,8724
SBN,2019,6,6,8722
SBN,2020,9,9,8745
SBN,2021,7,7,8725
SBN,2022,11,11,8727
SBN,2023,20,16,8737
SBN,2024,16,16,8758
SBN,2025,19,19,8716
MLI,2000,10,7,8683
MLI,2001,7,5,7146
MLI,2002,7,5,8677
MLI,2003,11,7,6199
MLI,2004,20,17,8685
MLI,2005,16,14,8677
MLI,2006,39,23,8726
MLI,2007,22,15,8709
MLI,2008,14,14,8741
MLI,2009,22,22,8712
MLI,2010,10,10,8720
MLI,2011,18,18,8739
MLI,2012,10,10,8752
MLI,2013,5,5,8726
MLI,2014,16,15,8722
MLI,2015,15,12,8726
MLI,2016,12,12,8751
MLI,2017,12,12,8724
MLI,2018,9,9,8724
MLI,2019,14,12,8728
MLI,2020,10,10,8749
MLI,2021,17,16,8726
MLI,2022,18,18,8729
MLI,2023,26,23,8737
MLI,2024,17,15,8762
MLI,2025,19,19,8725
ROC,2000,20,7,8711
ROC,2001,24,4,8711
ROC,2002,9,5,8713
ROC,2003,20,6,8713
ROC,2004,18,10,8741
ROC,2005,1,1,8732
ROC,2006,20,15,8728
ROC,2007,5,4,8711
ROC,2008,8,8,8755
ROC,2009,7,7,8729
ROC,2010,8,7,8728
ROC,2011,8,7,8736
ROC,2012,6,6,8757
ROC,2013,15,14,8725
ROC,2014,33,31,8734
ROC,2015,30,26,8728
ROC,2016,24,21,8750
ROC,2017,8,8,8729
ROC,2018,24,24,8734
ROC,2019,14,14,8727
ROC,2020,15,14,8759
ROC,2021,13,11,8733
ROC,2022,24,23,8725
ROC,2023,27,24,8736
ROC,2024,22,22,8762
ROC,2025,31,31,8729
GNV,2000,0,0,8738
GNV,2001,2,1,8724
GNV,2002,5,1,8731
GNV,2003,4,1,8715
GNV,2004,0,0,8738
GNV,2005,0,0,8729
GNV,2006,0,0,8730
GNV,2007,2,2,8723
GNV,2008,5,3,8749
GNV,2009,3,3,8707
GNV,2010,1,1,8728
GNV,2011,7,7,8726
GNV,2012,8,8,8749
GNV,2013,5,5,8707
GNV,2014,7,7,8722
GNV,2015,4,3,8717
GNV,2016,4,4,8748
GNV,2017,3,3,8719
GNV,2018,11,11,8718
GNV,2019,7,6,8721
GNV,2020,11,9,8745
GNV,2021,22,21,8722
GNV,2022,10,9,8728
GNV,2023,12,11,8717
GNV,2024,19,19,8755
GNV,2025,11,11,8626
VNY,2000,2,2,8661
VNY,2001,3,3,8620
VNY,2002,15,13,8690
VNY,2003,28,27,8711
VNY,2004,9,9,8500
VNY,2005,10,10,8626
VNY,2006,9,9,8352
VNY,2007,4,4,8695
VNY,2008,2,2,8735
VNY,2009,11,7,8725
VNY,2010,8,8,8724
VNY,2011,17,17,8727
VNY,2012,3,3,8749
VNY,2013,5,4,8618
VNY,2014,2,2,8730
VNY,2015,9,8,8689
VNY,2016,9,9,8727
VNY,2017,7,6,8675
VNY,2018,16,16,8718
VNY,2019,17,17,8730
VNY,2020,10,10,8752
VNY,2021,14,14,8715
VNY,2022,12,12,8728
VNY,2023,12,11,8344
VNY,2024,21,21,8667
VNY,2025,15,15,8685
ICT,2000,8,5,8597
ICT,2001,18,9,8574
ICT,2002,8,6,8653
ICT,2003,9,5,8730
ICT,2004,8,3,8714
ICT,2005,10,10,8695
ICT,2006,13,12,8711
ICT,2007,8,6,7417
ICT,2008,6,6,8737
ICT,2009,17,13,8724
ICT,2010,15,11,8717
ICT,2011,19,19,8709
ICT,2012,11,11,8753
ICT,2013,8,7,8719
ICT,2014,17,15,8601
ICT,2015,13,11,8709
ICT,2016,15,15,8746
ICT,2017,17,17,8723
ICT,2018,37,37,8687
ICT,2019,14,13,8723
ICT,2020,19,17,8740
ICT,2021,23,22,8725
ICT,2022,26,25,8721
ICT,2023,34,27,8733
ICT,2024,43,43,8756
ICT,2025,36,35,8703
HVN,2000,2,1,5837
HVN,2001,5,2,5065
HVN,2002,1,1,8717
HVN,2003,2,0,8679
HVN,2004,10,8,8734
HVN,2005,3,2,8672
HVN,2006,1,1,8635
HVN,2007,3,3,8665
HVN,2008,10,10,8496
HVN,2009,1,1,8640
HVN,2010,7,7,8696
HVN,2011,10,10,8320
HVN,2012,13,13,8632
HVN,2013,1,1,8712
HVN,2014,3,2,8695
HVN,2015,10,10,8704
HVN,2016,5,3,8734
HVN,2017,5,5,8651
HVN,2018,9,9,8675
HVN,2019,9,7,8716
HVN,2020,2,2,8727
HVN,2021,2,2,8693
HVN,2022,6,6,8712
HVN,2023,8,7,8677
HVN,2024,11,11,8726
HVN,2025,23,22,8731
PNS,2000,38,34,8661
PNS,2001,12,7,8354
PNS,2002,10,9,8696
PNS,2003,9,9,8591
PNS,2004,6,5,8563
PNS,2005,12,7,8729
PNS,2006,8,5,8733
PNS,2007,14,10,8728
PNS,2008,6,4,8752
PNS,2009,13,13,8721
PNS,2010,14,13,8726
PNS,2011,20,20,8687
PNS,2012,14,14,8750
PNS,2013,13,13,8728
PNS,2014,20,20,8727
PNS,2015,15,12,8720
PNS,2016,8,7,8753
PNS,2017,18,18,8729
PNS,2018,24,24,8725
PNS,2019,20,20,8702
PNS,2020,7,7,8750
PNS,2021,22,21,8728
PNS,2022,21,21,8727
PNS,2023,28,19,8735
PNS,2024,21,20,8752
PNS,2025,43,43,8725
CHA,2000,1,1,8725
CHA,2001,3,2,8722
CHA,2002,5,1,8723
CHA,2003,13,12,8693
CHA,2004,12,8,8744
CHA,2005,14,14,8735
CHA,2006,6,6,8733
CHA,2007,5,4,8728
CHA,2008,24,24,8749
CHA,2009,23,17,8728
CHA,2010,14,12,8735
CHA,2011,14,13,8731
CHA,2012,14,12,8755
CHA,2013,2,2,8728
CHA,2014,14,14,8731
CHA,2015,7,1,8729
CHA,2016,11,11,8756
CHA,2017,10,10,8733
CHA,2018,9,9,8732
CHA,2019,11,10,8729
CHA,2020,9,9,8749
CHA,2021,13,13,8730
CHA,2022,14,14,8732
CHA,2023,13,8,8734
CHA,2024,10,10,8759
CHA,2025,27,25,8722
MAF,2000,2,1,8624
MAF,2001,1,0,8724
MAF,2002,4,1,8698
MAF,2003,9,2,8701
MAF,2004,4,3,8688
MAF,2005,2,0,8717
MAF,2006,22,20,8731
MAF,2007,5,4,8726
MAF,2008,8,8,8758
MAF,2009,5,4,8728
MAF,2010,9,9,8732
MAF,2011,3,3,8724
MAF,2012,11,11,8756
MAF,2013,11,11,8733
MAF,2014,11,11,8727
MAF,2015,20,20,8730
MAF,2016,17,14,8756
MAF,2017,15,15,8734
MAF,2018,6,6,8718
MAF,2019,23,23,8732
MAF,2020,10,9,8755
MAF,2021,15,14,8703
MAF,2022,7,5,8732
MAF,2023,15,10,8736
MAF,2024,18,18,8610
MAF,2025,21,20,8575
MKC,2000,4,4,8722
MKC,2001,1,1,8615
MKC,2002,6,4,8634
MKC,2003,3,3,8617
MKC,2004,3,2,8735
MKC,2005,5,5,8730
MKC,2006,3,3,8733
MKC,2007,2,2,8732
MKC,2008,2,2,8754
MKC,2009,3,2,8727
MKC,2010,7,7,8726
MKC,2011,7,6,8851
MKC,2012,4,4,8755
MKC,2013,4,4,8727
MKC,2014,12,12,8732
MKC,2015,15,15,8731
MKC,2016,13,13,8755
MKC,2017,12,12,8705
MKC,2018,17,16,8735
MKC,2019,16,15,8732
MKC,2020,16,14,8756
MKC,2021,24,22,8725
MKC,2022,14,14,8718
MKC,2023,7,6,8737
MKC,2024,19,17,8760
MKC,2025,18,18,8734
