test_year,score,gbif_stratum,budget_share,test_component_records,target_records,selected_component_records,captured_target_records,capture_rate,selected_target_rate,overall_target_rate,lift,event_deduplicated_cost_capture,event_deduplicated_aos_capture,selected_event_deduplicated_cost,total_event_deduplicated_cost,selected_event_deduplicated_aos,total_event_deduplicated_aos
2000,component_transition_score,all matched,0.05,3234,408,162,89,0.2181372549019608,0.5493827160493827,0.1261595547309833,4.354665940450254,0.4890126807917789,0.3414221900277677,8879615.0,18158251.0,2828.0,8283.0
2000,component_transition_score,all matched,0.1,3234,408,324,175,0.42892156862745096,0.5401234567901234,0.1261595547309833,4.281272694262889,0.7277493300428549,0.7794277435711698,13214655.0,18158251.0,6456.0,8283.0
2000,component_transition_score,high bird activity,0.05,1599,228,80,45,0.19736842105263158,0.5625,0.1425891181988743,3.944901315789474,0.2984884153786449,0.4694835680751174,1546741.0,5181913.0,2200.0,4686.0
2000,component_transition_score,high bird activity,0.1,1599,228,160,92,0.40350877192982454,0.575,0.1425891181988743,4.032565789473684,0.41765328750212516,0.6120358514724712,2164243.0,5181913.0,2868.0,4686.0
2000,component_transition_score,low bird activity,0.05,1635,180,82,44,0.24444444444444444,0.5365853658536586,0.11009174311926606,4.873983739837398,0.5794681057167284,0.1912705031971087,7519374.0,12976338.0,688.0,3597.0
2000,component_transition_score,low bird activity,0.1,1635,180,164,81,0.45,0.49390243902439024,0.11009174311926606,4.486280487804878,0.8353409875729193,0.7578537670280789,10839667.0,12976338.0,2726.0,3597.0
2000,gbif_occurrence_only,all matched,0.05,3234,408,162,22,0.05392156862745098,0.13580246913580246,0.1261595547309833,1.0764342774146693,0.009515949526196108,0.022697090426174092,172793.0,18158251.0,188.0,8283.0
2000,gbif_occurrence_only,all matched,0.1,3234,408,324,38,0.09313725490196079,0.11728395061728394,0.1261595547309833,0.9296477850399418,0.024901682436265477,0.3403356271882168,452171.0,18158251.0,2819.0,8283.0
2001,component_transition_score,all matched,0.05,3066,343,154,85,0.2478134110787172,0.551948051948052,0.11187214611872145,4.933739729658098,0.7732638134305904,0.1265776140027637,25241745.0,32643122.0,1374.0,10855.0
2001,component_transition_score,all matched,0.1,3066,343,307,152,0.44314868804664725,0.495114006514658,0.11187214611872145,4.425712956192249,0.8716970453990277,0.6687240902809765,28454913.0,32643122.0,7259.0,10855.0
2001,component_transition_score,high bird activity,0.05,1467,187,74,45,0.24064171122994651,0.6081081081081081,0.1274710293115201,4.770559329382859,0.7349634640028063,0.07505335546597107,14334967.0,19504326.0,633.0,8434.0
2001,component_transition_score,high bird activity,0.1,1467,187,147,79,0.42245989304812837,0.5374149659863946,0.1274710293115201,4.215977300010914,0.7532642758329614,0.6843727768555845,14691912.0,19504326.0,5772.0,8434.0
2001,component_transition_score,low bird activity,0.05,1599,156,80,40,0.2564102564102564,0.5,0.0975609756097561,5.125,0.8301200505738882,0.40850888062783974,10906778.0,13138796.0,989.0,2421.0
2001,component_transition_score,low bird activity,0.1,1599,156,160,69,0.4423076923076923,0.43125,0.0975609756097561,4.4203125,0.9638249958367571,0.6162742668318877,12663500.0,13138796.0,1492.0,2421.0
2001,gbif_occurrence_only,all matched,0.05,3066,343,154,15,0.043731778425655975,0.09740259740259741,0.11187214611872145,0.8706599522926054,8.890081040655364e-05,0.0023952095808383233,2902.0,32643122.0,26.0,10855.0
2001,gbif_occurrence_only,all matched,0.1,3066,343,307,32,0.09329446064139942,0.10423452768729642,0.11187214611872145,0.9317290434088946,0.007460346470536733,0.00783049286043298,243529.0,32643122.0,85.0,10855.0
2002,component_transition_score,all matched,0.05,3361,375,169,105,0.28,0.621301775147929,0.11157393632847366,5.568520710059172,0.5901257251006209,0.41391986276191645,11636580.0,19718815.0,3378.0,8161.0
2002,component_transition_score,all matched,0.1,3361,375,337,177,0.472,0.5252225519287834,0.11157393632847366,4.70739465875371,0.8293310221734926,0.7269942409018503,16353425.0,19718815.0,5933.0,8161.0
2002,component_transition_score,high bird activity,0.05,1632,206,82,50,0.24271844660194175,0.6097560975609756,0.12622549019607843,4.830689083589865,0.6794068592623956,0.4681597860605048,9881203.0,14543867.0,2801.0,5983.0
2002,component_transition_score,high bird activity,0.1,1632,206,164,82,0.39805825242718446,0.5,0.12622549019607843,3.9611650485436893,0.9232402909075007,0.7633294333946181,13427484.0,14543867.0,4567.0,5983.0
2002,component_transition_score,low bird activity,0.05,1729,169,87,56,0.33136094674556216,0.6436781609195402,0.09774436090225563,6.585322723253758,0.49442564447024395,0.29292929292929293,2558627.0,5174948.0,638.0,2178.0
2002,component_transition_score,low bird activity,0.1,1729,169,173,88,0.5207100591715976,0.5086705202312138,0.09774436090225563,5.20409070698088,0.5372819205139839,0.5257116620752984,2780406.0,5174948.0,1145.0,2178.0
2002,gbif_occurrence_only,all matched,0.05,3361,375,169,17,0.04533333333333334,0.10059171597633136,0.11157393632847366,0.901570019723866,0.13670674429472562,0.017277294449209654,2695695.0,19718815.0,141.0,8161.0
2002,gbif_occurrence_only,all matched,0.1,3361,375,337,37,0.09866666666666667,0.10979228486646884,0.11157393632847366,0.9840316518298715,0.2814525112183465,0.023894130621247397,5549910.0,19718815.0,195.0,8161.0
2003,component_transition_score,all matched,0.05,3560,321,178,83,0.2585669781931464,0.46629213483146065,0.09016853932584269,5.1713395638629285,0.5654891295324463,0.20647345039136875,9196060.0,16262134.0,1952.0,9454.0
2003,component_transition_score,all matched,0.1,3560,321,356,130,0.40498442367601245,0.3651685393258427,0.09016853932584269,4.049844236760125,0.5735718325774465,0.2360905436852126,9327502.0,16262134.0,2232.0,9454.0
2003,component_transition_score,high bird activity,0.05,1612,171,81,37,0.21637426900584794,0.4567901234567901,0.10607940446650124,4.306115081943542,0.4089485197515564,0.07059679767103348,3602066.0,8808116.0,485.0,6870.0
2003,component_transition_score,high bird activity,0.1,1612,171,162,69,0.40350877192982454,0.42592592592592593,0.10607940446650124,4.0151613601906,0.42913240470493347,0.14395924308588065,3779848.0,8808116.0,989.0,6870.0
2003,component_transition_score,low bird activity,0.05,1948,150,98,40,0.26666666666666666,0.40816326530612246,0.07700205338809035,5.300680272108844,0.7366970404418127,0.46671826625387,5491353.0,7454018.0,1206.0,2584.0
2003,component_transition_score,low bird activity,0.1,1948,150,195,58,0.38666666666666666,0.29743589743589743,0.07700205338809035,3.8627008547008543,0.7366970404418127,0.4810371517027864,5491353.0,7454018.0,1243.0,2584.0
2003,gbif_occurrence_only,all matched,0.05,3560,321,178,21,0.06542056074766354,0.11797752808988764,0.09016853932584269,1.308411214953271,0.005445841240762129,0.03680981595092025,88561.0,16262134.0,348.0,9454.0
2003,gbif_occurrence_only,all matched,0.1,3560,321,356,39,0.12149532710280374,0.10955056179775281,0.09016853932584269,1.2149532710280375,0.4343682077641225,0.08789930188280093,7063754.0,16262134.0,831.0,9454.0
2004,component_transition_score,all matched,0.05,3959,309,198,103,0.3333333333333333,0.5202020202020202,0.07805001262945188,6.664983164983165,0.774859211269885,0.48018862499281156,11874237.0,15324380.0,4175.0,8694.5
2004,component_transition_score,all matched,0.1,3959,309,396,165,0.5339805825242718,0.4166666666666667,0.07805001262945188,5.338457389428264,0.7957010985110001,0.5860026453505089,12193626.0,15324380.0,5095.0,8694.5
2004,component_transition_score,high bird activity,0.05,1977,177,99,51,0.288135593220339,0.5151515151515151,0.08952959028831563,5.753980482794042,0.9428534396530645,0.5177103571962337,10649754.0,11295238.0,3464.0,6691.0
2004,component_transition_score,high bird activity,0.1,1977,177,198,88,0.4971751412429379,0.4444444444444444,0.08952959028831563,4.96421845574388,0.9607455814565394,0.6178448662382304,10851850.0,11295238.0,4134.0,6691.0
2004,component_transition_score,low bird activity,0.05,1982,132,100,50,0.3787878787878788,0.5,0.06659939455095863,7.507575757575757,0.27944932196482525,0.397304716745695,1125941.0,4029142.0,796.0,2003.5
2004,component_transition_score,low bird activity,0.1,1982,132,199,73,0.553030303030303,0.36683417085427134,0.06659939455095863,5.508070656311862,0.33301779882664845,0.46718243074619414,1341776.0,4029142.0,936.0,2003.5
2004,gbif_occurrence_only,all matched,0.05,3959,309,198,22,0.07119741100323625,0.1111111111111111,0.07805001262945188,1.4235886371808701,0.001600391010925075,0.22278451894876072,24525.0,15324380.0,1937.0,8694.5
2004,gbif_occurrence_only,all matched,0.1,3959,309,396,43,0.13915857605177995,0.10858585858585859,0.07805001262945188,1.3912343499722142,0.04643587538288661,0.2720110414629939,711601.0,15324380.0,2365.0,8694.5
2005,component_transition_score,all matched,0.05,4046,319,203,109,0.34169278996865204,0.5369458128078818,0.07884330202669303,6.810290779375203,0.6828639859453843,0.41034231609613986,21592599.0,31620644.0,2817.0,6865.0
2005,component_transition_score,all matched,0.1,4046,319,405,174,0.5454545454545454,0.42962962962962964,0.07884330202669303,5.449158249158249,0.7968471167127399,0.5691187181354698,25196819.0,31620644.0,3907.0,6865.0
2005,component_transition_score,high bird activity,0.05,2110,176,106,54,0.3068181818181818,0.5094339622641509,0.08341232227488152,6.107418524871355,0.6306556064674155,0.4187354538401862,7925058.0,12566380.0,2159.0,5156.0
2005,component_transition_score,high bird activity,0.1,2110,176,211,86,0.48863636363636365,0.4075829383886256,0.08341232227488152,4.886363636363636,0.6933758170610789,0.5616757176105508,8713224.0,12566380.0,2896.0,5156.0
2005,component_transition_score,low bird activity,0.05,1936,143,97,53,0.3706293706293706,0.5463917525773195,0.07386363636363637,7.397303727200633,0.7172956667337033,0.385020479812756,13667541.0,19054264.0,658.0,1709.0
2005,component_transition_score,low bird activity,0.1,1936,143,194,87,0.6083916083916084,0.4484536082474227,0.07386363636363637,6.07137192704203,0.8541473446573429,0.4961966062024576,16275149.0,19054264.0,848.0,1709.0
2005,gbif_occurrence_only,all matched,0.05,4046,319,203,14,0.0438871473354232,0.06896551724137931,0.07884330202669303,0.8747162468922279,0.07606103784603502,0.11595047341587764,2405099.0,31620644.0,796.0,6865.0
2005,gbif_occurrence_only,all matched,0.1,4046,319,405,31,0.09717868338557993,0.07654320987654321,0.07884330202669303,0.9708270443902629,0.16139636498231977,0.17028404952658413,5103457.0,31620644.0,1169.0,6865.0
2006,component_transition_score,all matched,0.05,4279,341,214,115,0.33724340175953077,0.5373831775700935,0.07969151670951156,6.743292131444076,0.3296254903139055,0.6004154367552202,8606541.0,26110059.0,2746.0,4573.5
2006,component_transition_score,all matched,0.1,4279,341,428,180,0.5278592375366569,0.4205607476635514,0.07969151670951156,5.277359059391016,0.9061053443042775,0.8645457527058051,23658464.0,26110059.0,3954.0,4573.5
2006,component_transition_score,high bird activity,0.05,2198,193,110,62,0.32124352331606215,0.5636363636363636,0.08780709736123748,6.4190296749882245,0.5735333850863487,0.6515339111294538,6595342.0,11499491.0,2368.0,3634.5
2006,component_transition_score,high bird activity,0.1,2198,193,220,98,0.5077720207253886,0.44545454545454544,0.08780709736123748,5.073104097974564,0.7998578371860111,0.8950337047736965,9197958.0,11499491.0,3253.0,3634.5
2006,component_transition_score,low bird activity,0.05,2081,148,105,54,0.36486486486486486,0.5142857142857142,0.071119654012494,7.23127413127413,0.13765371750092126,0.402555910543131,2011199.0,14610568.0,378.0,939.0
2006,component_transition_score,low bird activity,0.1,2081,148,209,82,0.5540540540540541,0.3923444976076555,0.071119654012494,5.516681753523859,0.989729215181778,0.7465388711395101,14460506.0,14610568.0,701.0,939.0
2006,gbif_occurrence_only,all matched,0.05,4279,341,214,31,0.09090909090909091,0.14485981308411214,0.07969151670951156,1.8177570093457944,0.010714797695401608,0.2101235377719471,279764.0,26110059.0,961.0,4573.5
2006,gbif_occurrence_only,all matched,0.1,4279,341,428,44,0.12903225806451613,0.102803738317757,0.07969151670951156,1.2900211034066928,0.317816899609457,0.22346124412375643,8298218.0,26110059.0,1022.0,4573.5
2007,component_transition_score,all matched,0.05,4538,317,227,112,0.35331230283911674,0.4933920704845815,0.06985456148082855,7.0631331730568805,0.7014960441147416,0.6200535554894376,10843890.0,15458234.0,4168.0,6722.0
2007,component_transition_score,all matched,0.1,4538,317,454,175,0.5520504731861199,0.3854625550660793,0.06985456148082855,5.518072791450687,0.9027860491696529,0.9034513537637607,13955478.0,15458234.0,6073.0,6722.0
2007,component_transition_score,high bird activity,0.05,2194,167,110,59,0.3532934131736527,0.5363636363636364,0.07611668185961713,7.046597713663583,0.7672078228605539,0.5630052306229196,5087062.0,6630618.0,1184.0,2103.0
2007,component_transition_score,high bird activity,0.1,2194,167,220,81,0.48502994011976047,0.36818181818181817,0.07611668185961713,4.837071311921611,0.7917955762192905,0.8654303376129339,5250094.0,6630618.0,1820.0,2103.0
2007,component_transition_score,low bird activity,0.05,2344,150,118,61,0.4066666666666667,0.5169491525423728,0.06399317406143344,8.078192090395481,0.6521384709076606,0.6425633253951072,5756828.0,8827616.0,2968.0,4619.0
2007,component_transition_score,low bird activity,0.1,2344,150,235,90,0.6,0.3829787234042553,0.06399317406143344,5.98468085106383,0.9192416163095449,0.9136176661615069,8114712.0,8827616.0,4220.0,4619.0
2007,gbif_occurrence_only,all matched,0.05,4538,317,227,15,0.0473186119873817,0.06607929515418502,0.06985456148082855,0.9459553356772608,0.0,0.0016364177328176137,0.0,15458234.0,11.0,6722.0
2007,gbif_occurrence_only,all matched,0.1,4538,317,454,31,0.09779179810725552,0.06828193832599119,0.06985456148082855,0.9774871801998362,0.021628926046791633,0.010711097887533471,334345.0,15458234.0,72.0,6722.0
2008,component_transition_score,all matched,0.05,4261,324,214,122,0.3765432098765432,0.5700934579439252,0.07603848861769538,7.497432791046497,0.8661376834650854,0.7773362389437252,18682097.0,21569431.0,6064.0,7801.0
2008,component_transition_score,all matched,0.1,4261,324,427,185,0.5709876543209876,0.4332552693208431,0.07603848861769538,5.697841674617631,0.8798714254446489,0.8372003589283425,18978326.0,21569431.0,6531.0,7801.0
2008,component_transition_score,high bird activity,0.05,2113,178,106,58,0.3258426966292135,0.5471698113207547,0.08424041646947468,6.495336018655926,0.7538451146427757,0.5985267034990792,7231747.0,9593147.0,1625.0,2715.0
2008,component_transition_score,high bird activity,0.1,2113,178,212,93,0.5224719101123596,0.4386792452830189,0.08424041646947468,5.207467670129319,0.7623050079395218,0.7034990791896869,7312904.0,9593147.0,1910.0,2715.0
2008,component_transition_score,low bird activity,0.05,2148,146,108,62,0.4246575342465753,0.5740740740740741,0.06797020484171322,8.445966514459665,0.9560853767328831,0.8704286276051907,11450350.0,11976284.0,4427.0,5086.0
2008,component_transition_score,low bird activity,0.1,2148,146,215,90,0.6164383561643836,0.4186046511627907,0.06797020484171322,6.158649251353935,0.9736070053114972,0.9172237514746363,11660194.0,11976284.0,4665.0,5086.0
2008,gbif_occurrence_only,all matched,0.05,4261,324,214,22,0.06790123456790123,0.102803738317757,0.07603848861769538,1.3519960770739585,0.033581738897052966,0.03538007947699013,724339.0,21569431.0,276.0,7801.0
2008,gbif_occurrence_only,all matched,0.1,4261,324,427,45,0.1388888888888889,0.1053864168618267,0.07603848861769538,1.3859614884205047,0.05511879288795333,0.11024227663120113,1188881.0,21569431.0,860.0,7801.0
2009,component_transition_score,all matched,0.05,5689,345,285,126,0.3652173913043478,0.4421052631578947,0.060643346809632626,7.290251716247139,0.9583780928432086,0.7760313287913738,85048244.0,88741849.0,7233.0,9320.5
2009,component_transition_score,all matched,0.1,5689,345,569,184,0.5333333333333333,0.3233743409490334,0.060643346809632626,5.332396016403046,0.9755194417912117,0.8522074995976611,86569399.0,88741849.0,7943.0,9320.5
2009,component_transition_score,high bird activity,0.05,2796,182,140,59,0.3241758241758242,0.42142857142857143,0.06509298998569385,6.47425431711146,0.6413136205222767,0.27814403214666916,3323511.0,5182349.0,2215.0,7963.5
2009,component_transition_score,high bird activity,0.1,2796,182,280,89,0.489010989010989,0.31785714285714284,0.06509298998569385,4.883124018838304,0.90135747322305,0.8722295473096,4671149.0,5182349.0,6946.0,7963.5
2009,component_transition_score,low bird activity,0.05,2893,163,145,66,0.4049079754601227,0.45517241379310347,0.05634289664707916,8.078612227628517,0.9731123690304514,0.46868091378039795,81312783.0,83559500.0,636.0,1357.0
2009,component_transition_score,low bird activity,0.1,2893,163,290,91,0.558282208588957,0.3137931034482759,0.05634289664707916,5.569346308440871,0.9771496119531591,0.6787030213706706,81650133.0,83559500.0,921.0,1357.0
2009,gbif_occurrence_only,all matched,0.05,5689,345,285,16,0.0463768115942029,0.056140350877192984,0.060643346809632626,0.9257462496821764,0.009170295741753138,0.02317472238613808,813789.0,88741849.0,216.0,9320.5
2009,gbif_occurrence_only,all matched,0.1,5689,345,569,44,0.12753623188405797,0.0773286467486819,0.060643346809632626,1.275138177835511,0.017649609712324113,0.04919263987983477,1566259.0,88741849.0,458.5,9320.5
2010,component_transition_score,all matched,0.05,5415,337,271,120,0.3560830860534125,0.44280442804428044,0.062234533702677744,7.115091922432578,0.7456247495445217,0.6212224494433083,8903315.0,11940745.0,2734.0,4401.0
2010,component_transition_score,all matched,0.1,5415,337,542,186,0.5519287833827893,0.34317343173431736,0.062234533702677744,5.514196239885248,0.9114304844463222,0.7995910020449898,10883159.0,11940745.0,3519.0,4401.0
2010,component_transition_score,high bird activity,0.05,2610,172,131,54,0.313953488372093,0.4122137404580153,0.06590038314176246,6.255103852298952,0.6429938440182178,0.3739097459233978,4634771.0,7208111.0,986.0,2637.0
2010,component_transition_score,high bird activity,0.1,2610,172,261,89,0.5174418604651163,0.34099616858237547,0.06590038314176246,5.174418604651162,0.8927816178191484,0.7713310580204779,6435269.0,7208111.0,2034.0,2637.0
2010,component_transition_score,low bird activity,0.05,2805,165,141,64,0.3878787878787879,0.45390070921985815,0.058823529411764705,7.716312056737588,0.8406025059195366,0.7369614512471655,3978264.0,4732634.0,1300.0,1764.0
2010,component_transition_score,low bird activity,0.1,2805,165,281,94,0.5696969696969697,0.33451957295373663,0.058823529411764705,5.686832740213523,0.9382474960032827,0.8327664399092971,4440382.0,4732634.0,1469.0,1764.0
2010,gbif_occurrence_only,all matched,0.05,5415,337,271,13,0.03857566765578635,0.04797047970479705,0.062234533702677744,0.770801624930196,0.016566805505016647,0.028175414678482162,197820.0,11940745.0,124.0,4401.0
2010,gbif_occurrence_only,all matched,0.1,5415,337,542,27,0.08011869436201781,0.04981549815498155,0.062234533702677744,0.800447841273665,0.03515760532529587,0.05680527152919791,419808.0,11940745.0,250.0,4401.0
2011,component_transition_score,all matched,0.05,5462,305,274,115,0.3770491803278688,0.4197080291970803,0.055840351519589895,7.516213952375254,0.799499310088035,0.6600910470409712,38408676.0,48040912.0,4350.0,6590.0
2011,component_transition_score,all matched,0.1,5462,305,547,168,0.5508196721311476,0.3071297989031079,0.055840351519589895,5.500140857733689,0.9720196194443602,0.8311077389984826,46696709.0,48040912.0,5477.0,6590.0
2011,component_transition_score,high bird activity,0.05,2656,161,133,56,0.34782608695652173,0.42105263157894735,0.06061746987951807,6.946060804184374,0.7955848254428483,0.7205882352941176,30803322.0,38717835.0,2891.0,4012.0
2011,component_transition_score,high bird activity,0.1,2656,161,266,84,0.5217391304347826,0.3157894736842105,0.06061746987951807,5.20954560313828,0.802923794680152,0.7838983050847458,31087471.0,38717835.0,3145.0,4012.0
2011,component_transition_score,low bird activity,0.05,2806,144,141,54,0.375,0.3829787234042553,0.05131860299358518,7.462765957446808,0.809693730943121,0.5713731574864236,7548837.0,9323077.0,1473.0,2578.0
2011,component_transition_score,low bird activity,0.1,2806,144,281,86,0.5972222222222222,0.30604982206405695,0.05131860299358518,5.963720838275998,0.9391500252545377,0.7269200930954228,8755768.0,9323077.0,1874.0,2578.0
2011,gbif_occurrence_only,all matched,0.05,5462,305,274,15,0.04918032786885246,0.05474452554744526,0.055840351519589895,0.9803757329185114,0.0036600887177162663,0.024582701062215478,175834.0,48040912.0,162.0,6590.0
2011,gbif_occurrence_only,all matched,0.1,5462,305,547,33,0.10819672131147541,0.0603290676416819,0.055840351519589895,1.080384811340546,0.012210425980256161,0.06631259484066768,586600.0,48040912.0,437.0,6590.0
2012,component_transition_score,all matched,0.05,5657,337,283,128,0.3798219584569733,0.45229681978798586,0.05957221141948029,7.59241278795441,0.8316456994287005,0.6125670982001895,16811544.0,20214791.0,3880.0,6334.0
2012,component_transition_score,all matched,0.1,5657,337,566,190,0.5637982195845698,0.33568904593639576,0.05957221141948029,5.634993866059913,0.8965470877240334,0.8230186296179349,18123512.0,20214791.0,5213.0,6334.0
2012,component_transition_score,high bird activity,0.05,2782,173,140,58,0.3352601156069364,0.4142857142857143,0.06218547807332854,6.662097440132123,0.8771954815721997,0.6071794871794872,12328186.0,14054092.0,1776.0,2925.0
2012,component_transition_score,high bird activity,0.1,2782,173,279,97,0.5606936416184971,0.34767025089605735,0.06218547807332854,5.590859179149316,0.9170415278340287,0.8232478632478633,12888186.0,14054092.0,2408.0,2925.0
2012,component_transition_score,low bird activity,0.05,2875,164,144,69,0.42073170731707316,0.4791666666666667,0.057043478260869564,8.400025406504065,0.762731306950721,0.6462305661484307,4698958.0,6160699.0,2203.0,3409.0
2012,component_transition_score,low bird activity,0.1,2875,164,288,89,0.5426829268292683,0.3090277777777778,0.057043478260869564,5.417407689701897,0.8497941548515842,0.8084482252860077,5235326.0,6160699.0,2756.0,3409.0
2012,gbif_occurrence_only,all matched,0.05,5657,337,283,15,0.04451038575667656,0.053003533568904596,0.05957221141948029,0.8897358735884074,0.014897012786330564,0.030628354910009474,301140.0,20214791.0,194.0,6334.0
2012,gbif_occurrence_only,all matched,0.1,5657,337,566,39,0.11572700296735905,0.06890459363957598,0.05957221141948029,1.1566566356649297,0.021884965320690182,0.05146826649826334,442400.0,20214791.0,326.0,6334.0
2013,component_transition_score,all matched,0.05,5478,304,274,128,0.42105263157894735,0.46715328467153283,0.05549470609711574,8.417979254706108,0.6922985188851463,0.5973496432212029,5869077.0,8477668.0,4688.0,7848.0
2013,component_transition_score,all matched,0.1,5478,304,548,180,0.5921052631578947,0.3284671532846715,0.05549470609711574,5.918891663465232,0.8045096835592052,0.8623853211009175,6820366.0,8477668.0,6768.0,7848.0
2013,component_transition_score,high bird activity,0.05,2624,159,132,62,0.389937106918239,0.4696969696969697,0.06059451219512195,7.751477034495903,0.4268752798043019,0.4653555219364599,1462689.0,3426502.0,1538.0,3305.0
2013,component_transition_score,high bird activity,0.1,2624,159,263,93,0.5849056603773585,0.35361216730038025,0.06059451219512195,5.835712748403759,0.7877249159638605,0.8127080181543116,2699141.0,3426502.0,2686.0,3305.0
2013,component_transition_score,low bird activity,0.05,2854,145,143,60,0.41379310344827586,0.4195804195804196,0.05080588647512264,8.258500120569085,0.7757064408494989,0.6350429231785164,3918222.0,5051166.0,2885.0,4543.0
2013,component_transition_score,low bird activity,0.1,2854,145,286,87,0.6,0.3041958041958042,0.05080588647512264,5.987412587412588,0.8158684549270406,0.8879594981289897,4121087.0,5051166.0,4034.0,4543.0
2013,gbif_occurrence_only,all matched,0.05,5478,304,274,18,0.05921052631578947,0.06569343065693431,0.05549470609711574,1.1837783326930464,0.06747173869040402,0.09531090723751275,572003.0,8477668.0,748.0,7848.0
2013,gbif_occurrence_only,all matched,0.1,5478,304,548,31,0.10197368421052631,0.05656934306569343,0.05549470609711574,1.0193646753745678,0.14628680906117106,0.14602446483180428,1240171.0,8477668.0,1146.0,7848.0
2014,component_transition_score,all matched,0.05,6865,331,344,146,0.44108761329305135,0.42441860465116277,0.04821558630735615,8.802518794351156,0.7222575177088063,0.6428984071965008,18593063.0,25742983.0,3895.0,6058.5
2014,component_transition_score,all matched,0.1,6865,331,687,212,0.6404833836858006,0.30858806404657935,0.04821558630735615,6.400172385739478,0.9440069940612554,0.8062226623751754,24301556.0,25742983.0,4884.5,6058.5
2014,component_transition_score,high bird activity,0.05,3296,147,165,68,0.46258503401360546,0.4121212121212121,0.0445995145631068,9.240486497629353,0.6674540955151963,0.6518377865183779,13874128.0,20786640.0,2403.0,3686.5
2014,component_transition_score,high bird activity,0.1,3296,147,330,93,0.6326530612244898,0.2818181818181818,0.0445995145631068,6.318862090290661,0.936644306150489,0.7645463176454632,19469688.0,20786640.0,2818.5,3686.5
2014,component_transition_score,low bird activity,0.05,3569,184,179,80,0.43478260869565216,0.44692737430167595,0.05155505743905856,8.66893368957979,0.5731984247256495,0.642495784148398,2840968.0,4956343.0,1524.0,2372.0
2014,component_transition_score,low bird activity,0.1,3569,184,357,114,0.6195652173913043,0.31932773109243695,0.05155505743905856,6.193916697113627,0.8733328181685569,0.7508431703204047,4328537.0,4956343.0,1781.0,2372.0
2014,gbif_occurrence_only,all matched,0.05,6865,331,344,17,0.0513595166163142,0.04941860465116279,0.04821558630735615,1.02495081852034,0.16654767631241493,0.032351242056614674,4287434.0,25742983.0,196.0,6058.5
2014,gbif_occurrence_only,all matched,0.1,6865,331,687,34,0.1027190332326284,0.049490538573508006,0.04821558630735615,1.0264427411091614,0.22269816205837528,0.13765783609804408,5732915.0,25742983.0,834.0,6058.5
2015,component_transition_score,all matched,0.05,6496,279,325,122,0.43727598566308246,0.37538461538461537,0.04294950738916256,8.740137854976565,0.7498050758240784,0.5436164416732248,20506491.0,27349096.0,4490.0,8259.5
2015,component_transition_score,all matched,0.1,6496,279,650,166,0.5949820788530465,0.2553846153846154,0.04294950738916256,5.946159360352909,0.861887537343099,0.7406017313396694,23571845.0,27349096.0,6117.0,8259.5
2015,component_transition_score,high bird activity,0.05,3201,157,161,56,0.35668789808917195,0.34782608695652173,0.04904717275851297,7.09166435890335,0.7255989715225161,0.3716095501055709,12656247.0,17442482.0,1144.0,3078.5
2015,component_transition_score,high bird activity,0.1,3201,157,321,85,0.5414012738853503,0.26479750778816197,0.04904717275851297,5.398833263884754,0.8829111017571926,0.5281793081045963,15400161.0,17442482.0,1626.0,3078.5
2015,component_transition_score,low bird activity,0.05,3295,122,165,61,0.5,0.3696969696969697,0.0370257966616085,9.984848484848484,0.773866025263526,0.619764524223123,7666392.0,9906614.0,3211.0,5181.0
2015,component_transition_score,low bird activity,0.1,3295,122,330,78,0.639344262295082,0.23636363636363636,0.0370257966616085,6.383755588673622,0.8715637855679045,0.851380042462845,8634246.0,9906614.0,4411.0,5181.0
2015,gbif_occurrence_only,all matched,0.05,6496,279,325,22,0.07885304659498207,0.06769230769230769,0.04294950738916256,1.5760904328646264,0.0067033659905980075,0.01816090562382711,183331.0,27349096.0,150.0,8259.5
2015,gbif_occurrence_only,all matched,0.1,6496,279,650,33,0.11827956989247312,0.05076923076923077,0.04294950738916256,1.1820678246484697,0.06702448227173578,0.04443368242629699,1833059.0,27349096.0,367.0,8259.5
2016,component_transition_score,all matched,0.05,6227,305,312,133,0.4360655737704918,0.42628205128205127,0.04898024731010117,8.703142076502733,0.41508070512257367,0.29527175237631004,3874355.0,9333980.0,2423.0,8206.0
2016,component_transition_score,all matched,0.1,6227,305,623,183,0.6,0.29373996789727125,0.04898024731010117,5.997110754414125,0.7357500230341184,0.5828661954667317,6867476.0,9333980.0,4783.0,8206.0
2016,component_transition_score,high bird activity,0.05,3042,156,153,69,0.4423076923076923,0.45098039215686275,0.05128205128205128,8.794117647058824,0.43400290829038596,0.4024152707440592,2468257.0,5687190.0,1033.0,2567.0
2016,component_transition_score,high bird activity,0.1,3042,156,305,93,0.5961538461538461,0.30491803278688523,0.05128205128205128,5.945901639344262,0.596372549536766,0.5294117647058824,3391684.0,5687190.0,1359.0,2567.0
2016,component_transition_score,low bird activity,0.05,3185,149,160,65,0.436241610738255,0.40625,0.046781789638932494,8.68393456375839,0.3894268658189805,0.3060826387657386,1420158.0,3646790.0,1726.0,5639.0
2016,component_transition_score,low bird activity,0.1,3185,149,319,90,0.6040268456375839,0.28213166144200624,0.046781789638932494,6.030800950958321,0.9531099953657874,0.6071998581308743,3475792.0,3646790.0,3424.0,5639.0
2016,gbif_occurrence_only,all matched,0.05,6227,305,312,14,0.04590163934426229,0.04487179487179487,0.04898024731010117,0.916120218579235,0.16535400761518665,0.05252254447964904,1543411.0,9333980.0,431.0,8206.0
2016,gbif_occurrence_only,all matched,0.1,6227,305,623,36,0.1180327868852459,0.05778491171749599,0.04898024731010117,1.1797594926716313,0.39989436446189086,0.10394833048988544,3732606.0,9333980.0,853.0,8206.0
2017,component_transition_score,all matched,0.05,6376,346,319,138,0.3988439306358382,0.43260188087774293,0.05426599749058971,7.971877434903147,0.8867102578052931,0.6183155080213903,14153091.0,15961348.0,3700.0,5984.0
2017,component_transition_score,all matched,0.1,6376,346,638,187,0.5404624277456648,0.29310344827586204,0.05426599749058971,5.4012357982858274,0.8935567346818076,0.691677807486631,14262370.0,15961348.0,4139.0,5984.0
2017,component_transition_score,high bird activity,0.05,2912,164,146,63,0.38414634146341464,0.4315068493150685,0.05631868131868132,7.661877714667558,0.8082777023916257,0.6561665776828617,5870799.0,7263344.0,2458.0,3746.0
2017,component_transition_score,high bird activity,0.1,2912,164,292,90,0.5487804878048781,0.3082191780821918,0.05631868131868132,5.472769796191113,0.824468178844345,0.7343833422317139,5988396.0,7263344.0,2751.0,3746.0
2017,component_transition_score,low bird activity,0.05,3464,182,174,78,0.42857142857142855,0.4482758620689655,0.05254041570438799,8.532019704433498,0.9476843192990024,0.49955317247542447,8242962.0,8698004.0,1118.0,2238.0
2017,component_transition_score,low bird activity,0.1,3464,182,347,98,0.5384615384615384,0.2824207492795389,0.05254041570438799,5.375304810463312,0.9524999068751865,0.6336014298480787,8284848.0,8698004.0,1418.0,2238.0
2017,gbif_occurrence_only,all matched,0.05,6376,346,319,23,0.06647398843930635,0.07210031347962383,0.05426599749058971,1.3286462391505247,0.07005680221996287,0.12115641711229946,1118201.0,15961348.0,725.0,5984.0
2017,gbif_occurrence_only,all matched,0.1,6376,346,638,36,0.10404624277456648,0.05642633228840126,0.05426599749058971,1.0398101002047584,0.11123816108764749,0.14822860962566844,1775511.0,15961348.0,887.0,5984.0
2018,component_transition_score,all matched,0.05,7321,359,367,162,0.45125348189415043,0.44141689373297005,0.04903701680098347,9.001707741000207,0.5597329294452739,0.7815991999652159,3515284.0,6280288.0,8988.0,11499.5
2018,component_transition_score,all matched,0.1,7321,359,733,229,0.637883008356546,0.31241473396998637,0.04903701680098347,6.370997959315516,0.7552042199338629,0.8677768598634723,4742900.0,6280288.0,9979.0,11499.5
2018,component_transition_score,high bird activity,0.05,3589,178,180,78,0.43820224719101125,0.43333333333333335,0.049595987740317635,8.737265917602997,0.42557493717041955,0.6627857747671465,629087.0,1478205.0,3131.0,4724.0
2018,component_transition_score,high bird activity,0.1,3589,178,359,111,0.6235955056179775,0.30919220055710306,0.049595987740317635,6.234218021345185,0.5829766507351822,0.7487298899237934,861759.0,1478205.0,3537.0,4724.0
2018,component_transition_score,low bird activity,0.05,3732,181,187,84,0.46408839779005523,0.44919786096256686,0.0484994640943194,9.261913906697787,0.6010302195942886,0.8644380488524832,2886197.0,4802083.0,5857.0,6775.5
2018,component_transition_score,low bird activity,0.1,3732,181,374,118,0.6519337016574586,0.3155080213903743,0.0484994640943194,6.505391910656779,0.8047551447986218,0.9506309497454063,3864501.0,4802083.0,6441.0,6775.5
2018,gbif_occurrence_only,all matched,0.05,7321,359,367,15,0.04178272980501393,0.04087193460490463,0.04903701680098347,0.833491457500019,0.01478658303568244,0.0528718639940867,92864.0,6280288.0,608.0,11499.5
2018,gbif_occurrence_only,all matched,0.1,7321,359,733,30,0.08356545961002786,0.040927694406548434,0.04903701680098347,0.8346285536221201,0.14925669013905093,0.06991608330796992,937375.0,6280288.0,804.0,11499.5
2019,component_transition_score,all matched,0.05,7552,333,378,143,0.4294294294294294,0.3783068783068783,0.04409427966101695,8.57950013505569,0.7004381613453055,0.5765058577570906,11445549.0,16340556.0,2776.8500000000004,4816.69
2019,component_transition_score,all matched,0.1,7552,333,756,198,0.5945945945945946,0.2619047619047619,0.04409427966101695,5.93965393965394,0.9664106900646465,0.7511361536656916,15791688.0,16340556.0,3617.9900000000002,4816.69
2019,component_transition_score,high bird activity,0.05,3473,173,174,72,0.4161849710982659,0.41379310344827586,0.04981284192340916,8.306956348415387,0.7157268720206483,0.6520776114113582,3905524.0,5456724.0,1619.2,2483.14
2019,component_transition_score,high bird activity,0.1,3473,173,348,95,0.5491329479768786,0.27298850574712646,0.04981284192340916,5.480283702079596,0.9657950447924433,0.7504369467690103,5270077.0,5456724.0,1863.44,2483.14
2019,component_transition_score,low bird activity,0.05,4079,160,204,71,0.44375,0.3480392156862745,0.03922530031870557,8.87282475490196,0.6927152128037257,0.4918043324548437,7539396.0,10883832.0,1147.65,2333.5499999999993
2019,component_transition_score,low bird activity,0.1,4079,160,408,105,0.65625,0.25735294117647056,0.03922530031870557,6.560891544117646,0.9655635074117278,0.7460950054637786,10509031.0,10883832.0,1741.05,2333.5499999999993
2019,gbif_occurrence_only,all matched,0.05,7552,333,378,16,0.04804804804804805,0.042328042328042326,0.04409427966101695,0.9599440710551821,0.004638397861125411,0.06442183325063477,75794.0,16340556.0,310.3,4816.69
2019,gbif_occurrence_only,all matched,0.1,7552,333,756,37,0.1111111111111111,0.04894179894179894,0.04409427966101695,1.1099353321575542,0.004746227729337973,0.2042273843656121,77556.0,16340556.0,983.7,4816.69
2020,component_transition_score,all matched,0.05,4291,214,215,81,0.37850467289719625,0.3767441860465116,0.04987182474947564,7.554249076287763,0.9266315245539759,0.16521916768808734,9930938.0,10717246.0,283.07,1713.2999999999997
2020,component_transition_score,all matched,0.1,4291,214,430,118,0.5514018691588785,0.2744186046511628,0.04987182474947564,5.502477722234297,0.9361249149268385,0.36845269363217187,10032681.0,10717246.0,631.27,1713.2999999999997
2020,component_transition_score,high bird activity,0.05,2001,126,101,40,0.31746031746031744,0.39603960396039606,0.06296851574212893,6.289486091466291,0.23845596185285486,0.053030794165316045,210182.0,881429.0,40.9,771.25
2020,component_transition_score,high bird activity,0.1,2001,126,201,63,0.5,0.31343283582089554,0.06296851574212893,4.977611940298508,0.3856396828332174,0.14119935170178283,339914.0,881429.0,108.9,771.25
2020,component_transition_score,low bird activity,0.05,2290,88,115,43,0.48863636363636365,0.3739130434782609,0.03842794759825328,9.730237154150197,0.9768648603364621,0.251759460750491,9608264.0,9835817.0,237.17,942.0499999999997
2020,component_transition_score,low bird activity,0.1,2290,88,229,54,0.6136363636363636,0.23580786026200873,0.03842794759825328,6.136363636363636,0.9862144649498867,0.5417652990817898,9700225.0,9835817.0,510.36999999999995,942.0499999999997
2020,gbif_occurrence_only,all matched,0.05,4291,214,215,18,0.08411214953271028,0.08372093023255814,0.04987182474947564,1.6787220169528365,0.02147016127090859,0.11597501896924065,230101.0,10717246.0,198.7,1713.3
2020,gbif_occurrence_only,all matched,0.1,4291,214,430,35,0.16355140186915887,0.08139534883720931,0.04987182474947564,1.6320908498152578,0.021655749993981663,0.1642152571061694,232090.0,10717246.0,281.35,1713.3
2021,component_transition_score,all matched,0.05,6426,303,322,129,0.42574257425742573,0.40062111801242234,0.04715219421101774,8.49634093844167,0.971324018881778,0.7794046366796865,35082278.0,36117997.0,6898.3,8850.729999999998
2021,component_transition_score,all matched,0.1,6426,303,643,179,0.5907590759075908,0.27838258164852253,0.04715219421101774,5.903915741496389,0.9893134162450924,0.9346686657484752,35732019.0,36117997.0,8272.5,8850.729999999998
2021,component_transition_score,high bird activity,0.05,3001,148,151,63,0.42567567567567566,0.41721854304635764,0.04931689436854382,8.459951673527833,0.9821076962485743,0.7775522712692253,32627356.0,33221770.0,3260.3,4193.030000000001
2021,component_transition_score,high bird activity,0.1,3001,148,301,88,0.5945945945945946,0.292358803986711,0.04931689436854382,5.928167370027835,0.9966535798664551,0.9298526363989763,33110596.0,33221770.0,3898.9,4193.030000000001
2021,component_transition_score,low bird activity,0.05,3425,155,172,66,0.4258064516129032,0.38372093023255816,0.04525547445255475,8.478994748687171,0.823032863100855,0.8012538377310688,2383690.0,2896227.0,3732.0,4657.700000000001
2021,component_transition_score,low bird activity,0.1,3425,155,343,92,0.5935483870967742,0.26822157434402333,0.04525547445255475,5.926831562117934,0.9128010338968596,0.9497820812847539,2643679.0,2896227.0,4423.799999999999,4657.700000000001
2021,gbif_occurrence_only,all matched,0.05,6426,303,322,16,0.052805280528052806,0.049689440993788817,0.04715219421101774,1.0538097287989667,0.0026095024040231245,0.02360257289511712,94250.0,36117997.0,208.9,8850.730000000001
2021,gbif_occurrence_only,all matched,0.1,6426,303,643,47,0.1551155115511551,0.07309486780715396,0.04715219421101774,1.5501901667616218,0.08720998564787522,0.145620756705944,3149850.0,36117997.0,1288.85,8850.730000000001
2022,component_transition_score,all matched,0.05,7445,337,373,135,0.40059347181008903,0.36193029490616624,0.04526527871054399,7.99575977915848,0.7813342295039405,0.6986524923249644,12808187.0,16392712.0,4829.1,6912.0199999999995
2022,component_transition_score,all matched,0.1,7445,337,745,192,0.56973293768546,0.25771812080536916,0.04526527871054399,5.693505665863422,0.8206127210677525,0.7737463143914514,13452068.0,16392712.0,5348.15,6912.0199999999995
2022,component_transition_score,high bird activity,0.05,3574,169,179,60,0.35502958579881655,0.33519553072625696,0.04728595411303861,7.088691282932795,0.8264009366605582,0.3991074670794871,12052004.0,14583725.0,835.3,2092.9199999999996
2022,component_transition_score,high bird activity,0.1,3574,169,358,91,0.5384615384615384,0.2541899441340782,0.04728595411303861,5.37559088955737,0.8721464509238894,0.5481814880645224,12719144.0,14583725.0,1147.3,2092.9199999999996
2022,component_transition_score,low bird activity,0.05,3871,168,194,72,0.42857142857142855,0.3711340206185567,0.0433996383363472,8.551546391752577,0.3572623794421961,0.8272914029590587,646283.0,1808987.0,3986.8,4819.1
2022,component_transition_score,low bird activity,0.1,3871,168,388,100,0.5952380952380952,0.25773195876288657,0.0433996383363472,5.938573883161511,0.4051571404327394,0.871708410284078,732924.0,1808987.0,4200.85,4819.1
2022,gbif_occurrence_only,all matched,0.05,7445,337,373,17,0.050445103857566766,0.045576407506702415,0.04526527871054399,1.0068734536718085,0.0001738577484921348,0.006647839560649419,2850.0,16392712.0,45.95,6912.02
2022,gbif_occurrence_only,all matched,0.1,7445,337,745,39,0.11572700296735905,0.052348993288590606,0.04526527871054399,1.1564933383785077,0.0015308632275123238,0.017599775463612664,25095.0,16392712.0,121.65,6912.02
2023,component_transition_score,all matched,0.05,8811,355,441,144,0.4056338028169014,0.32653061224489793,0.040290545908523434,8.104397815464214,0.8059993477027174,0.5162801656170596,12175917.0,15106609.0,4776.97,9252.670000000004
2023,component_transition_score,all matched,0.1,8811,355,882,207,0.5830985915492958,0.23469387755102042,0.040290545908523434,5.825035929864904,0.8884930430118367,0.7778208884570613,13422117.0,15106609.0,7196.92,9252.670000000004
2023,component_transition_score,high bird activity,0.05,4241,191,213,77,0.4031413612565445,0.3615023474178404,0.045036547983966044,8.026866258633827,0.8129887031574123,0.5256832112749881,9530243.0,11722479.0,1444.22,2747.3199999999997
2023,component_transition_score,high bird activity,0.1,4241,191,425,109,0.5706806282722513,0.2564705882352941,0.045036547983966044,5.69472128118263,0.9102538805998287,0.6671665477629108,10670432.0,11722479.0,1832.92,2747.3199999999997
2023,component_transition_score,low bird activity,0.05,4570,164,229,67,0.40853658536585363,0.2925764192139738,0.03588621444201313,8.152891681755246,0.708887365438089,0.4903271922340842,2398967.0,3384130.0,3189.75,6505.35
2023,component_transition_score,low bird activity,0.1,4570,164,457,98,0.5975609756097561,0.21444201312910285,0.03588621444201313,5.975609756097562,0.8032809023294022,0.8378488474870683,2718407.0,3384130.0,5450.5,6505.35
2023,gbif_occurrence_only,all matched,0.05,8811,355,441,24,0.0676056338028169,0.05442176870748299,0.040290545908523434,1.3507329692440357,0.4642574650604911,0.10690643889817752,7013356.0,15106609.0,989.1700000000001,9252.669999999998
2023,gbif_occurrence_only,all matched,0.1,8811,355,882,36,0.10140845070422536,0.04081632653061224,0.040290545908523434,1.0130497269330268,0.464725538338882,0.1220209950208967,7020427.0,15106609.0,1129.02,9252.669999999998
2024,component_transition_score,all matched,0.05,9594,344,480,157,0.4563953488372093,0.32708333333333334,0.03585574317281635,9.12220203488372,0.9632745394730364,0.5743444196894364,23773029.0,24679391.0,5449.69,9488.539999999992
2024,component_transition_score,all matched,0.1,9594,344,960,215,0.625,0.22395833333333334,0.03585574317281635,6.24609375,0.9813588998205021,0.7363767239216998,24219340.0,24679391.0,6987.139999999999,9488.539999999992
2024,component_transition_score,high bird activity,0.05,4379,186,219,85,0.45698924731182794,0.3881278538812785,0.04247545101621375,9.137698237344724,0.9608243455009323,0.7547030524631261,17955036.0,18687116.0,3046.54,4036.7400000000002
2024,component_transition_score,high bird activity,0.1,4379,186,438,113,0.6075268817204301,0.2579908675799087,0.04247545101621375,6.07388176952914,0.9792298608303175,0.785965903179298,18298982.0,18687116.0,3172.74,4036.7400000000002
2024,component_transition_score,low bird activity,0.05,5215,158,261,75,0.47468354430379744,0.28735632183908044,0.030297219558964524,9.48457733158737,0.9692033493122395,0.4397446714846472,5807733.0,5992275.0,2397.4,5451.800000000001
2024,component_transition_score,low bird activity,0.1,5215,158,522,100,0.6329113924050633,0.19157088122605365,0.030297219558964524,6.323051554391581,0.9881115269242483,0.7128104479254557,5921036.0,5992275.0,3886.1,5451.800000000001
2024,gbif_occurrence_only,all matched,0.05,9594,344,480,35,0.10174418604651163,0.07291666666666667,0.03585574317281635,2.033611918604651,0.35446089411201437,0.03842530041502699,8747879.0,24679391.0,364.59999999999997,9488.539999999995
2024,gbif_occurrence_only,all matched,0.1,9594,344,960,58,0.1686046511627907,0.06041666666666667,0.03585574317281635,1.6849927325581393,0.48355488188505136,0.08101351735883501,11933840.0,24679391.0,768.6999999999999,9488.539999999995
2025,component_transition_score,all matched,0.05,10493,390,525,151,0.3871794871794872,0.2876190476190476,0.037167635566568186,7.738427350427351,0.6943643150788461,0.5285583619552593,11011255.0,15858037.0,4836.79,9150.909999999996
2025,component_transition_score,all matched,0.1,10493,390,1050,220,0.5641025641025641,0.20952380952380953,0.037167635566568186,5.637264957264958,0.7788887111311444,0.6095885545809107,12351646.0,15858037.0,5578.289999999999,9150.909999999996
2025,component_transition_score,high bird activity,0.05,5094,203,255,87,0.42857142857142855,0.3411764705882353,0.039850804868472714,8.561344537815126,0.8640676657224806,0.8015045895521652,9591336.0,11100214.0,4050.7000000000003,5053.869999999999
2025,component_transition_score,high bird activity,0.1,5094,203,510,124,0.6108374384236454,0.24313725490196078,0.039850804868472714,6.101188061431469,0.9535263013848202,0.8734593489741528,10584346.0,11100214.0,4414.35,5053.869999999999
2025,component_transition_score,low bird activity,0.05,5399,187,270,64,0.3422459893048128,0.23703703703703705,0.03463604371179848,6.843652208358091,0.2984388027885863,0.19186778747583622,1419919.0,4757823.0,786.09,4097.04
2025,component_transition_score,low bird activity,0.1,5399,187,540,96,0.5133689839572193,0.17777777777777778,0.03463604371179848,5.132739156268569,0.3713252888978846,0.2845810634018706,1766700.0,4757823.0,1165.94,4097.04
2025,gbif_occurrence_only,all matched,0.05,10493,390,525,23,0.05897435897435897,0.04380952380952381,0.037167635566568186,1.1787008547008548,0.012437731101270605,0.07869709132752917,197238.0,15858037.0,720.15,9150.91
2025,gbif_occurrence_only,all matched,0.1,10493,390,1050,45,0.11538461538461539,0.04285714285714286,0.037167635566568186,1.153076923076923,0.494262499198356,0.15961800520385402,7838033.0,15858037.0,1460.6499999999999,9150.91
