test_year,score,weather_stratum,budget_share,test_component_records,target_records,selected_component_records,captured_target_records,capture_rate,selected_target_rate,overall_target_rate,lift,event_deduplicated_cost_capture,event_deduplicated_aos_capture,selected_event_deduplicated_cost,total_event_deduplicated_cost,selected_event_deduplicated_aos,total_event_deduplicated_aos
2000,component_transition_score,all matched,0.05,1354,188,68,40,0.2127659574468085,0.5882352941176471,0.13884785819793205,4.236545682102628,0.5910901933277805,0.5531453362255966,8427099.0,14256875.0,2550.0,4610.0
2000,component_transition_score,all matched,0.1,1354,188,136,75,0.39893617021276595,0.5514705882352942,0.13884785819793205,3.9717615769712142,0.8828518171057823,0.8533622559652928,12586708.0,14256875.0,3934.0,4610.0
2000,component_transition_score,normal weather,0.05,878,126,44,24,0.19047619047619047,0.5454545454545454,0.14350797266514806,3.8008658008658007,0.7486091442310996,0.7004405286343612,7124231.0,9516623.0,2226.0,3178.0
2000,component_transition_score,normal weather,0.1,878,126,88,46,0.36507936507936506,0.5227272727272727,0.14350797266514806,3.6424963924963927,0.8314768799814808,0.8200125865324103,7912852.0,9516623.0,2606.0,3178.0
2000,component_transition_score,adverse weather,0.05,476,62,24,15,0.24193548387096775,0.625,0.13025210084033614,4.798387096774193,0.21312601102219883,0.20949720670391062,1010271.0,4740252.0,300.0,1432.0
2000,component_transition_score,adverse weather,0.1,476,62,48,27,0.43548387096774194,0.5625,0.13025210084033614,4.318548387096774,0.9859931497312802,0.9385474860335196,4673856.0,4740252.0,1344.0,1432.0
2000,component_transition_score,low visibility,0.05,88,13,5,5,0.38461538461538464,1.0,0.14772727272727273,6.769230769230769,0.5219130800992429,0.8115942028985508,171021.0,327681.0,168.0,207.0
2000,component_transition_score,low visibility,0.1,88,13,9,6,0.46153846153846156,0.6666666666666666,0.14772727272727273,4.512820512820513,0.5219130800992429,0.8164251207729468,171021.0,327681.0,169.0,207.0
2000,component_transition_score,precipitation,0.05,182,21,10,4,0.19047619047619047,0.4,0.11538461538461539,3.466666666666667,0.5041585755220404,0.14953271028037382,292597.0,580367.0,48.0,321.0
2000,component_transition_score,precipitation,0.1,182,21,19,9,0.42857142857142855,0.47368421052631576,0.11538461538461539,4.105263157894736,0.9990350933116459,0.8847352024922118,579807.0,580367.0,284.0,321.0
2000,component_transition_score,low ceiling,0.05,417,53,21,14,0.2641509433962264,0.6666666666666666,0.12709832134292565,5.245283018867925,0.21085881630325098,0.24410089503661514,961221.0,4558600.0,300.0,1229.0
2000,component_transition_score,low ceiling,0.1,417,53,42,25,0.4716981132075472,0.5952380952380952,0.12709832134292565,4.683288409703504,0.985885140174615,0.9308380797396257,4494256.0,4558600.0,1144.0,1229.0
2000,weather_severity_only,all matched,0.05,1354,188,68,8,0.0425531914893617,0.11764705882352941,0.13884785819793205,0.8473091364205256,0.010988382797773004,0.00824295010845987,156660.0,14256875.0,38.0,4610.0
2000,weather_severity_only,all matched,0.1,1354,188,136,19,0.10106382978723404,0.13970588235294118,0.13884785819793205,1.0061795994993743,0.040066844943229145,0.059219088937093274,571228.0,14256875.0,273.0,4610.0
2001,component_transition_score,all matched,0.05,1386,189,70,46,0.24338624338624337,0.6571428571428571,0.13636363636363635,4.81904761904762,0.7913601254609212,0.29968553459119496,18056957.0,22817623.0,953.0,3180.0
2001,component_transition_score,all matched,0.1,1386,189,139,77,0.4074074074074074,0.5539568345323741,0.13636363636363635,4.062350119904077,0.8057315172575162,0.6723270440251572,18384878.0,22817623.0,2138.0,3180.0
2001,component_transition_score,normal weather,0.05,984,140,50,32,0.22857142857142856,0.64,0.14227642276422764,4.498285714285714,0.8294987150525579,0.44218477629285297,17076107.0,20586056.0,761.0,1721.0
2001,component_transition_score,normal weather,0.1,984,140,99,56,0.4,0.5656565656565656,0.14227642276422764,3.9757575757575756,0.9018246622859668,0.5857059848925044,18565013.0,20586056.0,1008.0,1721.0
2001,component_transition_score,adverse weather,0.05,402,49,21,11,0.22448979591836735,0.5238095238095238,0.12189054726368159,4.297376093294461,0.3380606542398234,0.08773132282385196,754405.0,2231567.0,128.0,1459.0
2001,component_transition_score,adverse weather,0.1,402,49,41,22,0.4489795918367347,0.5365853658536586,0.12189054726368159,4.402190144350423,0.5801465965395617,0.888279643591501,1294636.0,2231567.0,1296.0,1459.0
2001,component_transition_score,low visibility,0.05,70,11,4,2,0.18181818181818182,0.5,0.15714285714285714,3.181818181818182,0.2857142857142857,0.6666666666666666,10884.0,38094.0,56.0,84.0
2001,component_transition_score,low visibility,0.1,70,11,7,4,0.36363636363636365,0.5714285714285714,0.15714285714285714,3.6363636363636362,0.2857142857142857,0.6666666666666666,10884.0,38094.0,56.0,84.0
2001,component_transition_score,precipitation,0.05,153,11,8,4,0.36363636363636365,0.5,0.0718954248366013,6.954545454545455,0.23809523809523808,0.043355325164938736,90700.0,380940.0,46.0,1061.0
2001,component_transition_score,precipitation,0.1,153,11,16,8,0.7272727272727273,0.5,0.0718954248366013,6.954545454545455,1.0,0.9934024505183789,380940.0,380940.0,1054.0,1061.0
2001,component_transition_score,low ceiling,0.05,336,40,17,9,0.225,0.5294117647058824,0.11904761904761904,4.447058823529412,0.7242390745697647,0.3161512027491409,663705.0,916417.0,92.0,291.0
2001,component_transition_score,low ceiling,0.1,336,40,34,19,0.475,0.5588235294117647,0.11904761904761904,4.694117647058824,0.9970308276690634,0.865979381443299,913696.0,916417.0,252.0,291.0
2001,weather_severity_only,all matched,0.05,1386,189,70,9,0.047619047619047616,0.12857142857142856,0.13636363636363635,0.9428571428571428,0.0004769997295511456,0.018553459119496855,10884.0,22817623.0,59.0,3180.0
2001,weather_severity_only,all matched,0.1,1386,189,139,13,0.06878306878306878,0.09352517985611511,0.13636363636363635,0.6858513189448442,0.013196992517581696,0.33679245283018866,301124.0,22817623.0,1071.0,3180.0
2001,component_weather_transition_score,all matched,0.05,1386,189,70,40,0.21164021164021163,0.5714285714285714,0.13636363636363635,4.190476190476191,0.7570479624455185,0.18647798742138363,17274035.0,22817623.0,593.0,3180.0
2001,component_weather_transition_score,all matched,0.1,1386,189,139,56,0.2962962962962963,0.4028776978417266,0.13636363636363635,2.954436450839329,0.8171715783015611,0.21163522012578617,18645913.0,22817623.0,673.0,3180.0
2002,component_transition_score,all matched,0.05,1824,241,92,63,0.26141078838174275,0.6847826086956522,0.13212719298245615,5.182753021829335,0.5605491846781637,0.43698668932313794,9772772.0,17434281.0,3086.0,7062.0
2002,component_transition_score,all matched,0.1,1824,241,183,106,0.43983402489626555,0.5792349726775956,0.13212719298245615,4.383919461261138,0.8166322431077025,0.7017841971112999,14237396.0,17434281.0,4956.0,7062.0
2002,component_transition_score,normal weather,0.05,1264,160,64,44,0.275,0.6875,0.12658227848101267,5.4312499999999995,0.5686120823407325,0.7052824267782427,8665560.0,15239845.0,2697.0,3824.0
2002,component_transition_score,normal weather,0.1,1264,160,127,75,0.46875,0.5905511811023622,0.12658227848101267,4.665354330708661,0.8041815385917639,0.7601987447698745,12255602.0,15239845.0,2907.0,3824.0
2002,component_transition_score,adverse weather,0.05,560,81,28,21,0.25925925925925924,0.75,0.14464285714285716,5.185185185185185,0.5045542453732986,0.12013588634959851,1107212.0,2194436.0,389.0,3238.0
2002,component_transition_score,adverse weather,0.1,560,81,56,31,0.38271604938271603,0.5535714285714286,0.14464285714285716,3.82716049382716,0.9030994752182337,0.6327980234712786,1981794.0,2194436.0,2049.0,3238.0
2002,component_transition_score,low visibility,0.05,78,14,4,3,0.21428571428571427,0.75,0.1794871794871795,4.178571428571429,0.8624154083059326,0.5980327868852459,401557.0,465619.0,912.0,1525.0
2002,component_transition_score,low visibility,0.1,78,14,8,5,0.35714285714285715,0.625,0.1794871794871795,3.482142857142857,0.8624154083059326,0.6032786885245902,401557.0,465619.0,920.0,1525.0
2002,component_transition_score,precipitation,0.05,178,28,9,6,0.21428571428571427,0.6666666666666666,0.15730337078651685,4.238095238095238,0.8131518935287301,0.6808972503617945,435020.0,534980.0,941.0,1382.0
2002,component_transition_score,precipitation,0.1,178,28,18,9,0.32142857142857145,0.5,0.15730337078651685,3.178571428571429,0.8698736401360798,0.7170767004341534,465365.0,534980.0,991.0,1382.0
2002,component_transition_score,low ceiling,0.05,483,71,25,19,0.2676056338028169,0.76,0.14699792960662525,5.1701408450704225,0.5010207066976557,0.11911623439000961,1073749.0,2143123.0,372.0,3123.0
2002,component_transition_score,low ceiling,0.1,483,71,49,27,0.38028169014084506,0.5510204081632653,0.14699792960662525,3.7484909456740443,0.9007793766386717,0.6404098623118796,1930481.0,2143123.0,2000.0,3123.0
2002,weather_severity_only,all matched,0.05,1824,241,92,19,0.07883817427385892,0.20652173913043478,0.13212719298245615,1.563052498646942,0.026707095061734982,0.21750212404418012,465619.0,17434281.0,1536.0,7062.0
2002,weather_severity_only,all matched,0.1,1824,241,183,28,0.11618257261410789,0.15300546448087432,0.13212719298245615,1.1580164614652064,0.028857169389434528,0.23024638912489379,503104.0,17434281.0,1626.0,7062.0
2002,component_weather_transition_score,all matched,0.05,1824,241,92,52,0.2157676348547718,0.5652173913043478,0.13212719298245615,4.277827891033736,0.5136916171076972,0.09345794392523364,8955844.0,17434281.0,660.0,7062.0
2002,component_weather_transition_score,all matched,0.1,1824,241,183,88,0.3651452282157676,0.4808743169398907,0.13212719298245615,3.639480307462077,0.5999114617918571,0.13565562163693004,10459025.0,17434281.0,958.0,7062.0
2003,component_transition_score,all matched,0.05,2072,204,104,56,0.27450980392156865,0.5384615384615384,0.09845559845559845,5.469079939668175,0.7837292856631516,0.19495275684726707,9031951.0,11524325.0,1630.0,8361.0
2003,component_transition_score,all matched,0.1,2072,204,208,78,0.38235294117647056,0.375,0.09845559845559845,3.808823529411765,0.7925207767049263,0.22509269226169118,9133267.0,11524325.0,1882.0,8361.0
2003,component_transition_score,normal weather,0.05,1380,136,69,37,0.27205882352941174,0.5362318840579711,0.09855072463768116,5.4411764705882355,0.7179546216168267,0.46624350836699363,5463168.0,7609350.0,808.0,1733.0
2003,component_transition_score,normal weather,0.1,1380,136,138,51,0.375,0.3695652173913043,0.09855072463768116,3.7499999999999996,0.7271103313686451,0.5164454702827467,5532837.0,7609350.0,895.0,1733.0
2003,component_transition_score,adverse weather,0.05,692,68,35,16,0.23529411764705882,0.45714285714285713,0.09826589595375723,4.652100840336134,0.927172715023723,0.13126131563065782,3629858.0,3914975.0,870.0,6628.0
2003,component_transition_score,adverse weather,0.1,692,68,70,26,0.38235294117647056,0.37142857142857144,0.09826589595375723,3.779831932773109,0.9340368712443885,0.14891369945684974,3656731.0,3914975.0,987.0,6628.0
2003,component_transition_score,high wind,0.05,40,12,2,2,0.16666666666666666,1.0,0.3,3.3333333333333335,1.0,1.0,301885.0,301885.0,528.0,528.0
2003,component_transition_score,high wind,0.1,40,12,4,3,0.25,0.75,0.3,2.5,1.0,1.0,301885.0,301885.0,528.0,528.0
2003,component_transition_score,low visibility,0.05,106,14,6,4,0.2857142857142857,0.6666666666666666,0.1320754716981132,5.0476190476190474,0.8735376415337294,0.9530685920577617,301885.0,345589.0,528.0,554.0
2003,component_transition_score,low visibility,0.1,106,14,11,5,0.35714285714285715,0.45454545454545453,0.1320754716981132,3.4415584415584415,0.8735376415337294,0.9602888086642599,301885.0,345589.0,532.0,554.0
2003,component_transition_score,precipitation,0.05,210,18,11,5,0.2777777777777778,0.45454545454545453,0.08571428571428572,5.303030303030303,0.7695729537366548,0.09059711736444749,301885.0,392276.0,528.0,5828.0
2003,component_transition_score,precipitation,0.1,210,18,21,8,0.4444444444444444,0.38095238095238093,0.08571428571428572,4.444444444444444,0.8362989323843416,0.10398078242964996,328060.0,392276.0,606.0,5828.0
2003,component_transition_score,low ceiling,0.05,594,56,30,14,0.25,0.4666666666666667,0.09427609427609428,4.95,0.9341679236392076,0.13649199874490117,3629858.0,3885659.0,870.0,6374.0
2003,component_transition_score,low ceiling,0.1,594,56,60,21,0.375,0.35,0.09427609427609428,3.7125,0.9343475585479838,0.14323815500470663,3630556.0,3885659.0,913.0,6374.0
2003,weather_severity_only,all matched,0.05,2072,204,104,15,0.07352941176470588,0.14423076923076922,0.09845559845559845,1.4649321266968325,0.0352874463363364,0.6681019016864012,406664.0,11524325.0,5586.0,8361.0
2003,weather_severity_only,all matched,0.1,2072,204,208,26,0.12745098039215685,0.125,0.09845559845559845,1.2696078431372548,0.0352874463363364,0.6709723717258701,406664.0,11524325.0,5610.0,8361.0
2003,component_weather_transition_score,all matched,0.05,2072,204,104,42,0.20588235294117646,0.40384615384615385,0.09845559845559845,4.101809954751132,0.7301456701368627,0.10345652433919388,8414436.0,11524325.0,865.0,8361.0
2003,component_weather_transition_score,all matched,0.1,2072,204,208,81,0.39705882352941174,0.3894230769230769,0.09845559845559845,3.955316742081448,0.7823561032858758,0.23800980743930153,9016126.0,11524325.0,1990.0,8361.0
2004,component_transition_score,all matched,0.05,2405,208,121,67,0.32211538461538464,0.5537190082644629,0.08648648648648649,6.402376033057851,0.8921518966131955,0.5281547574417035,11287835.0,12652369.0,3522.0,6668.5
2004,component_transition_score,all matched,0.1,2405,208,241,112,0.5384615384615384,0.46473029045643155,0.08648648648648649,5.373443983402489,0.9084312985180878,0.575541726025343,11493808.0,12652369.0,3838.0,6668.5
2004,component_transition_score,normal weather,0.05,1578,133,79,45,0.3383458646616541,0.569620253164557,0.08428390367553866,6.758351575140383,0.571713059003861,0.5558316908046962,1507218.0,2636319.0,3243.0,5834.5
2004,component_transition_score,normal weather,0.1,1578,133,158,70,0.5263157894736842,0.4430379746835443,0.08428390367553866,5.2564956695536305,0.6479553498647167,0.5861684805895964,1708217.0,2636319.0,3420.0,5834.5
2004,component_transition_score,adverse weather,0.05,827,75,42,21,0.28,0.5,0.09068923821039904,5.513333333333333,0.5503895248126757,0.3249400479616307,5512729.0,10016050.0,271.0,834.0
2004,component_transition_score,adverse weather,0.1,827,75,83,41,0.5466666666666666,0.4939759036144578,0.09068923821039904,5.446907630522088,0.9913422956155371,0.5515587529976019,9929334.0,10016050.0,460.0,834.0
2004,component_transition_score,low visibility,0.05,164,21,9,4,0.19047619047619047,0.4444444444444444,0.12804878048780488,3.4708994708994707,0.7690543513357736,0.54,254850.0,331381.0,27.0,50.0
2004,component_transition_score,low visibility,0.1,164,21,17,9,0.42857142857142855,0.5294117647058824,0.12804878048780488,4.134453781512605,0.9997706567365057,0.9,331305.0,331381.0,45.0,50.0
2004,component_transition_score,precipitation,0.05,290,30,15,7,0.23333333333333334,0.4666666666666667,0.10344827586206896,4.511111111111111,0.9758901404610745,0.5637583892617449,5161562.0,5289081.0,168.0,298.0
2004,component_transition_score,precipitation,0.1,290,30,29,14,0.4666666666666667,0.4827586206896552,0.10344827586206896,4.666666666666667,0.9933345698430408,0.959731543624161,5253827.0,5289081.0,286.0,298.0
2004,component_transition_score,low ceiling,0.05,709,62,36,22,0.3548387096774194,0.6111111111111112,0.08744710860366714,6.988351254480287,0.9757209550129431,0.3161993769470405,4952059.0,5075282.0,203.0,642.0
2004,component_transition_score,low ceiling,0.1,709,62,71,38,0.6129032258064516,0.5352112676056338,0.08744710860366714,6.120399818264424,0.9896242218658983,0.48753894080996885,5022622.0,5075282.0,313.0,642.0
2004,weather_severity_only,all matched,0.05,2405,208,121,17,0.08173076923076923,0.14049586776859505,0.08648648648648649,1.62448347107438,0.02618521480048519,0.006448226737647147,331305.0,12652369.0,43.0,6668.5
2004,weather_severity_only,all matched,0.1,2405,208,241,26,0.125,0.1078838174273859,0.08648648648648649,1.2474066390041494,0.027535475767423476,0.021893979155732175,348389.0,12652369.0,146.0,6668.5
2004,component_weather_transition_score,all matched,0.05,2405,208,121,52,0.25,0.4297520661157025,0.08648648648648649,4.9690082644628095,0.5656150243484046,0.3889930269175977,7156370.0,12652369.0,2594.0,6668.5
2004,component_weather_transition_score,all matched,0.1,2405,208,241,89,0.42788461538461536,0.36929460580912865,0.08648648648648649,4.26996887966805,0.946353682855756,0.4179350678563395,11973616.0,12652369.0,2787.0,6668.5
2005,component_transition_score,all matched,0.05,2720,228,136,81,0.35526315789473684,0.5955882352941176,0.0838235294117647,7.105263157894737,0.8167025006366893,0.5663583566358357,18743939.0,22950755.0,2633.0,4649.0
2005,component_transition_score,all matched,0.1,2720,228,272,131,0.5745614035087719,0.48161764705882354,0.0838235294117647,5.74561403508772,0.9180203875645921,0.7547859754785975,21069261.0,22950755.0,3509.0,4649.0
2005,component_transition_score,normal weather,0.05,1878,136,94,57,0.41911764705882354,0.6063829787234043,0.0724174653887114,8.373435544430539,0.6126433130787811,0.6682577565632458,5572440.0,9095733.0,1960.0,2933.0
2005,component_transition_score,normal weather,0.1,1878,136,188,84,0.6176470588235294,0.44680851063829785,0.0724174653887114,6.169899874843554,0.9544721684332642,0.8042959427207638,8681624.0,9095733.0,2359.0,2933.0
2005,component_transition_score,adverse weather,0.05,842,92,43,26,0.2826086956521739,0.6046511627906976,0.10926365795724466,5.533872598584428,0.9483071192524992,0.3916083916083916,13138816.0,13855022.0,672.0,1716.0
2005,component_transition_score,adverse weather,0.1,842,92,85,45,0.4891304347826087,0.5294117647058824,0.10926365795724466,4.845268542199489,0.9857881856845843,0.7867132867132867,13658117.0,13855022.0,1350.0,1716.0
2005,component_transition_score,low visibility,0.05,160,16,8,6,0.375,0.75,0.1,7.5,0.8882115491279607,0.65,345898.0,389432.0,26.0,40.0
2005,component_transition_score,low visibility,0.1,160,16,16,7,0.4375,0.4375,0.1,4.375,0.8906612707738449,0.65,346852.0,389432.0,26.0,40.0
2005,component_transition_score,precipitation,0.05,271,31,14,9,0.2903225806451613,0.6428571428571429,0.11439114391143912,5.619815668202765,0.9741564021440426,0.8759018759018758,12859336.0,13200484.0,607.0,693.0
2005,component_transition_score,precipitation,0.1,271,31,28,13,0.41935483870967744,0.4642857142857143,0.11439114391143912,4.058755760368664,0.9866827610260351,0.8845598845598845,13024690.0,13200484.0,613.0,693.0
2005,component_transition_score,low ceiling,0.05,734,82,37,22,0.2682926829268293,0.5945945945945946,0.11171662125340599,5.322346736980884,0.9694497865171746,0.3935212957408518,12974416.0,13383278.0,656.0,1667.0
2005,component_transition_score,low ceiling,0.1,734,82,74,41,0.5,0.5540540540540541,0.11171662125340599,4.95945945945946,0.9883180338927429,0.7858428314337133,13226935.0,13383278.0,1310.0,1667.0
2005,weather_severity_only,all matched,0.05,2720,228,136,14,0.06140350877192982,0.10294117647058823,0.0838235294117647,1.2280701754385965,0.017281566554128613,0.006453000645300065,396625.0,22950755.0,30.0,4649.0
2005,weather_severity_only,all matched,0.1,2720,228,272,41,0.17982456140350878,0.15073529411764705,0.0838235294117647,1.7982456140350878,0.5628603067742216,0.13508281350828136,12918069.0,22950755.0,628.0,4649.0
2005,component_weather_transition_score,all matched,0.05,2720,228,136,77,0.33771929824561403,0.5661764705882353,0.0838235294117647,6.754385964912281,0.8467934497143994,0.4403097440309744,19434549.0,22950755.0,2047.0,4649.0
2005,component_weather_transition_score,all matched,0.1,2720,228,272,119,0.5219298245614035,0.4375,0.0838235294117647,5.219298245614035,0.9056523848561845,0.5214024521402452,20785406.0,22950755.0,2424.0,4649.0
2006,component_transition_score,all matched,0.05,3200,246,160,90,0.36585365853658536,0.5625,0.076875,7.317073170731708,0.332264426229964,0.6005473739085103,8604604.0,25896856.0,2304.0,3836.5
2006,component_transition_score,all matched,0.1,3200,246,320,138,0.5609756097560976,0.43125,0.076875,5.609756097560976,0.7581573994928188,0.8916981623875928,19633893.0,25896856.0,3421.0,3836.5
2006,component_transition_score,normal weather,0.05,2257,187,113,63,0.33689839572192515,0.5575221238938053,0.08285334514842711,6.7290237092423455,0.3101936815735571,0.6260771295380704,7680050.0,24758886.0,2216.0,3539.5
2006,component_transition_score,normal weather,0.1,2257,187,226,104,0.5561497326203209,0.46017699115044247,0.08285334514842711,5.554114807628602,0.7553398404112366,0.9275321373075293,18701373.0,24758886.0,3283.0,3539.5
2006,component_transition_score,adverse weather,0.05,943,59,48,23,0.3898305084745763,0.4791666666666667,0.06256627783669141,7.658545197740112,0.8117595367188942,0.31986531986531985,923758.0,1137970.0,95.0,297.0
2006,component_transition_score,adverse weather,0.1,943,59,95,35,0.5932203389830508,0.3684210526315789,0.06256627783669141,5.888492417484389,0.8194592124572704,0.45791245791245794,932520.0,1137970.0,136.0,297.0
2006,component_transition_score,low visibility,0.05,167,11,9,3,0.2727272727272727,0.3333333333333333,0.0658682634730539,5.06060606060606,0.0,0.27906976744186046,0.0,797.0,24.0,86.0
2006,component_transition_score,low visibility,0.1,167,11,17,6,0.5454545454545454,0.35294117647058826,0.0658682634730539,5.358288770053476,1.0,0.6395348837209303,797.0,797.0,55.0,86.0
2006,component_transition_score,precipitation,0.05,349,21,18,8,0.38095238095238093,0.4444444444444444,0.06017191977077364,7.386243386243386,0.9995938043669863,0.36507936507936506,391278.0,391437.0,23.0,63.0
2006,component_transition_score,precipitation,0.1,349,21,35,13,0.6190476190476191,0.37142857142857144,0.06017191977077364,6.172789115646259,0.9995938043669863,0.47619047619047616,391278.0,391437.0,30.0,63.0
2006,component_transition_score,low ceiling,0.05,797,48,40,18,0.375,0.45,0.060225846925972396,7.471875000000001,0.7845785839256203,0.3115942028985507,776692.0,989948.0,86.0,276.0
2006,component_transition_score,low ceiling,0.1,797,48,80,27,0.5625,0.3375,0.060225846925972396,5.6039062500000005,0.7926244610828044,0.42028985507246375,784657.0,989948.0,116.0,276.0
2006,weather_severity_only,all matched,0.05,3200,246,160,10,0.04065040650406504,0.0625,0.076875,0.8130081300813008,9.228919525984158e-05,0.02215561058256223,2390.0,25896856.0,85.0,3836.5
2006,weather_severity_only,all matched,0.1,3200,246,320,18,0.07317073170731707,0.05625,0.076875,0.7317073170731707,0.0151706060380457,0.030496546331291542,392871.0,25896856.0,117.0,3836.5
2006,component_weather_transition_score,all matched,0.05,3200,246,160,80,0.3252032520325203,0.5,0.076875,6.504065040650406,0.6212158726912641,0.1874104001042617,16087538.0,25896856.0,719.0,3836.5
2006,component_weather_transition_score,all matched,0.1,3200,246,320,123,0.5,0.384375,0.076875,5.0,0.9255472170058018,0.26717059820148575,23968763.0,25896856.0,1025.0,3836.5
2007,component_transition_score,all matched,0.05,3424,234,172,86,0.36752136752136755,0.5,0.0683411214953271,7.316239316239316,0.8181565012038647,0.6461802575107296,10773151.0,13167592.0,3764.0,5825.0
2007,component_transition_score,all matched,0.1,3424,234,343,131,0.5598290598290598,0.3819241982507289,0.0683411214953271,5.588497670130323,0.9454573774764589,0.9033476394849785,12449397.0,13167592.0,5262.0,5825.0
2007,component_transition_score,normal weather,0.05,2459,154,123,57,0.37012987012987014,0.4634146341463415,0.0626270841805612,7.399588216661388,0.7829072694633247,0.6573183213920164,7102624.0,9072114.0,3211.0,4885.0
2007,component_transition_score,normal weather,0.1,2459,154,246,84,0.5454545454545454,0.34146341463414637,0.0626270841805612,5.4523281596452335,0.955387024457585,0.905424769703173,8667380.0,9072114.0,4423.0,4885.0
2007,component_transition_score,adverse weather,0.05,965,80,49,29,0.3625,0.5918367346938775,0.08290155440414508,7.139030612244897,0.896238973814534,0.5882978723404255,3670527.0,4095478.0,553.0,940.0
2007,component_transition_score,adverse weather,0.1,965,80,97,47,0.5875,0.4845360824742268,0.08290155440414508,5.84471649484536,0.9240762616720197,0.9053191489361702,3784534.0,4095478.0,851.0,940.0
2007,component_transition_score,high wind,0.05,52,9,3,2,0.2222222222222222,0.6666666666666666,0.17307692307692307,3.8518518518518516,0.0,0.9795918367346939,0.0,0.0,144.0,147.0
2007,component_transition_score,high wind,0.1,52,9,6,5,0.5555555555555556,0.8333333333333334,0.17307692307692307,4.814814814814815,0.0,0.9795918367346939,0.0,0.0,144.0,147.0
2007,component_transition_score,low visibility,0.05,130,13,7,3,0.23076923076923078,0.42857142857142855,0.1,4.285714285714286,0.0,0.0,0.0,65058.0,0.0,16.0
2007,component_transition_score,low visibility,0.1,130,13,13,4,0.3076923076923077,0.3076923076923077,0.1,3.076923076923077,0.0,0.125,0.0,65058.0,2.0,16.0
2007,component_transition_score,precipitation,0.05,327,22,17,8,0.36363636363636365,0.47058823529411764,0.0672782874617737,6.994652406417113,0.43550640141582864,0.0,147155.0,337894.0,0.0,300.0
2007,component_transition_score,precipitation,0.1,327,22,33,13,0.5909090909090909,0.3939393939393939,0.0672782874617737,5.855371900826446,0.5987055111958188,0.7933333333333333,202299.0,337894.0,238.0,300.0
2007,component_transition_score,low ceiling,0.05,780,62,39,24,0.3870967741935484,0.6153846153846154,0.07948717948717948,7.741935483870969,0.9247051500292183,0.7865384615384615,3639547.0,3935900.0,409.0,520.0
2007,component_transition_score,low ceiling,0.1,780,62,78,37,0.5967741935483871,0.47435897435897434,0.07948717948717948,5.967741935483871,0.9497355115729567,0.9442307692307692,3738064.0,3935900.0,491.0,520.0
2007,weather_severity_only,all matched,0.05,3424,234,172,16,0.06837606837606838,0.09302325581395349,0.0683411214953271,1.361160803021268,0.003176207160732198,0.0015450643776824034,41823.0,13167592.0,9.0,5825.0
2007,weather_severity_only,all matched,0.1,3424,234,343,26,0.1111111111111111,0.07580174927113703,0.0683411214953271,1.1091674765144153,0.03154054287222751,0.007553648068669528,415313.0,13167592.0,44.0,5825.0
2007,component_weather_transition_score,all matched,0.05,3424,234,172,78,0.3333333333333333,0.45348837209302323,0.0683411214953271,6.6356589147286815,0.753557977798826,0.3533047210300429,9922544.0,13167592.0,2058.0,5825.0
2007,component_weather_transition_score,all matched,0.1,3424,234,343,117,0.5,0.34110787172011664,0.0683411214953271,4.991253644314869,0.8122301328899012,0.5539914163090128,10695115.0,13167592.0,3227.0,5825.0
2008,component_transition_score,all matched,0.05,3481,263,175,100,0.38022813688212925,0.5714285714285714,0.0755530020109164,7.56328082563824,0.8401438819737199,0.6943833699780132,14000571.0,16664492.0,3474.0,5003.0
2008,component_transition_score,all matched,0.1,3481,263,349,152,0.5779467680608364,0.4355300859598854,0.0755530020109164,5.764563609225708,0.8577303166517167,0.770337797321607,14293640.0,16664492.0,3854.0,5003.0
2008,component_transition_score,normal weather,0.05,2473,176,124,71,0.4034090909090909,0.5725806451612904,0.07116862110796603,8.045408724340177,0.9381762086511437,0.7229219143576826,11664706.0,12433385.0,2870.0,3970.0
2008,component_transition_score,normal weather,0.1,2473,176,248,106,0.6022727272727273,0.4274193548387097,0.07116862110796603,6.005727639296189,0.9539772153761827,0.7672544080604534,11861166.0,12433385.0,3046.0,3970.0
2008,component_transition_score,adverse weather,0.05,1008,87,51,30,0.3448275862068966,0.5882352941176471,0.08630952380952381,6.8154158215010145,0.5340358917890755,0.5837366892545982,2259563.0,4231107.0,603.0,1033.0
2008,component_transition_score,adverse weather,0.1,1008,87,101,47,0.5402298850574713,0.46534653465346537,0.08630952380952381,5.391601229088426,0.5725206193083748,0.8209099709583737,2422396.0,4231107.0,848.0,1033.0
2008,component_transition_score,high wind,0.05,51,6,3,3,0.5,1.0,0.11764705882352941,8.5,0.9958361278783814,0.9230769230769231,35635.0,35784.0,24.0,26.0
2008,component_transition_score,high wind,0.1,51,6,6,3,0.5,0.5,0.11764705882352941,4.25,0.9958361278783814,1.0,35635.0,35784.0,26.0,26.0
2008,component_transition_score,low visibility,0.05,147,21,8,4,0.19047619047619047,0.5,0.14285714285714285,3.5,0.11609825211435772,0.08307692307692308,186500.0,1606398.0,27.0,325.0
2008,component_transition_score,low visibility,0.1,147,21,15,6,0.2857142857142857,0.4,0.14285714285714285,2.8000000000000003,0.15138900820344647,0.7476923076923077,243191.0,1606398.0,243.0,325.0
2008,component_transition_score,precipitation,0.05,356,27,18,6,0.2222222222222222,0.3333333333333333,0.07584269662921349,4.395061728395061,0.5823622523676008,0.7374517374517374,431188.0,740412.0,191.0,259.0
2008,component_transition_score,precipitation,0.1,356,27,36,10,0.37037037037037035,0.2777777777777778,0.07584269662921349,3.662551440329218,0.5823622523676008,0.8416988416988417,431188.0,740412.0,218.0,259.0
2008,component_transition_score,low ceiling,0.05,833,75,42,26,0.3466666666666667,0.6190476190476191,0.09003601440576231,6.875555555555556,0.42948330009970087,0.3573008849557522,1723087.0,4012000.0,323.0,904.0
2008,component_transition_score,low ceiling,0.1,833,75,84,43,0.5733333333333334,0.5119047619047619,0.09003601440576231,5.685555555555554,0.5517238285144567,0.8152654867256637,2213516.0,4012000.0,737.0,904.0
2008,weather_severity_only,all matched,0.05,3481,263,175,24,0.09125475285171103,0.13714285714285715,0.0755530020109164,1.8151873981531779,0.01629446610193698,0.054367379572256645,271539.0,16664492.0,272.0,5003.0
2008,weather_severity_only,all matched,0.1,3481,263,349,38,0.1444866920152091,0.10888252148997135,0.0755530020109164,1.441140902306427,0.18909613326346822,0.09154507295622627,3151191.0,16664492.0,458.0,5003.0
2008,component_weather_transition_score,all matched,0.05,3481,263,175,90,0.34220532319391633,0.5142857142857142,0.0755530020109164,6.806952743074415,0.59742091148053,0.5470717569458325,9955716.0,16664492.0,2737.0,5003.0
2008,component_weather_transition_score,all matched,0.1,3481,263,349,135,0.5133079847908745,0.3868194842406877,0.0755530020109164,5.119842679246517,0.912171460132118,0.6913851688986608,15200874.0,16664492.0,3459.0,5003.0
2009,component_transition_score,all matched,0.05,4776,298,239,108,0.3624161073825503,0.45188284518828453,0.062395309882747066,7.242256606104855,0.959070492991597,0.50261569416499,84518701.0,88125640.0,2498.0,4970.0
2009,component_transition_score,all matched,0.1,4776,298,478,159,0.5335570469798657,0.33263598326359833,0.062395309882747066,5.33110555727163,0.975473278832358,0.7476861167002012,85964207.0,88125640.0,3716.0,4970.0
2009,component_transition_score,normal weather,0.05,3191,199,160,69,0.34673366834170855,0.43125,0.062362895643998745,6.915169597989951,0.9412191957287442,0.39642028505137555,25061948.0,26627111.0,1196.0,3017.0
2009,component_transition_score,normal weather,0.1,3191,199,320,109,0.5477386934673367,0.340625,0.062362895643998745,5.461981783919598,0.9717932598846342,0.7139542591978787,25876047.0,26627111.0,2154.0,3017.0
2009,component_transition_score,adverse weather,0.05,1585,99,80,39,0.3939393939393939,0.4875,0.062460567823343846,7.804924242424242,0.9667995961334295,0.667178699436764,59456753.0,61498529.0,1303.0,1953.0
2009,component_transition_score,adverse weather,0.1,1585,99,159,48,0.48484848484848486,0.3018867924528302,0.062460567823343846,4.8332380407852105,0.9770666221951423,0.799795186891961,60088160.0,61498529.0,1562.0,1953.0
2009,component_transition_score,high wind,0.05,50,2,3,1,0.5,0.3333333333333333,0.04,8.333333333333332,1.0,0.8888888888888888,153695.0,153695.0,24.0,27.0
2009,component_transition_score,high wind,0.1,50,2,5,1,0.5,0.2,0.04,5.0,1.0,0.8888888888888888,153695.0,153695.0,24.0,27.0
2009,component_transition_score,low visibility,0.05,174,11,9,3,0.2727272727272727,0.3333333333333333,0.06321839080459771,5.272727272727272,0.9930253476611337,0.36893203883495146,54007895.0,54387227.0,76.0,206.0
2009,component_transition_score,low visibility,0.1,174,11,18,5,0.45454545454545453,0.2777777777777778,0.06321839080459771,4.393939393939394,0.9930253476611337,0.36893203883495146,54007895.0,54387227.0,76.0,206.0
2009,component_transition_score,precipitation,0.05,514,29,26,14,0.4827586206896552,0.5384615384615384,0.05642023346303502,9.543766578249336,0.978301584975389,0.9281997918834547,54485640.0,55694114.0,892.0,961.0
2009,component_transition_score,precipitation,0.1,514,29,52,16,0.5517241379310345,0.3076923076923077,0.05642023346303502,5.453580901856764,0.978301584975389,0.9281997918834547,54485640.0,55694114.0,892.0,961.0
2009,component_transition_score,low ceiling,0.05,1429,89,72,36,0.4044943820224719,0.5,0.0622813156053184,8.02808988764045,0.966716414947019,0.661993769470405,59303058.0,61344834.0,1275.0,1926.0
2009,component_transition_score,low ceiling,0.1,1429,89,143,45,0.5056179775280899,0.3146853146853147,0.0622813156053184,5.052643985228255,0.9770091642924651,0.7985462097611631,59934465.0,61344834.0,1538.0,1926.0
2009,weather_severity_only,all matched,0.05,4776,298,239,13,0.0436241610738255,0.05439330543933055,0.062395309882747066,0.871753109994103,0.6171614980611771,0.04245472837022133,54387752.0,88125640.0,211.0,4970.0
2009,weather_severity_only,all matched,0.1,4776,298,478,27,0.09060402684563758,0.056485355648535567,0.062395309882747066,0.9052820757631069,0.635121980390724,0.11810865191146881,55970531.0,88125640.0,587.0,4970.0
2009,component_weather_transition_score,all matched,0.05,4776,298,239,86,0.28859060402684567,0.3598326359832636,0.062395309882747066,5.766982112268681,0.955538478926224,0.2380281690140845,84207440.0,88125640.0,1183.0,4970.0
2009,component_weather_transition_score,all matched,0.1,4776,298,478,144,0.48322147651006714,0.301255230125523,0.062395309882747066,4.828171070736571,0.9781493104617452,0.5889336016096579,86200034.0,88125640.0,2927.0,4970.0
2010,component_transition_score,all matched,0.05,4858,309,243,105,0.33980582524271846,0.43209876543209874,0.06360642239604776,6.7933197490910535,0.7231940397070197,0.616293082670523,7538903.0,10424454.0,2557.0,4149.0
2010,component_transition_score,all matched,0.1,4858,309,486,168,0.5436893203883495,0.345679012345679,0.06360642239604776,5.434655799272843,0.9130320878196594,0.8030850807423475,9517861.0,10424454.0,3332.0,4149.0
2010,component_transition_score,normal weather,0.05,3487,222,175,73,0.32882882882882886,0.41714285714285715,0.06366504158302265,6.552149292149293,0.7526596371486616,0.6343442973088423,6387160.0,8486120.0,1485.0,2341.0
2010,component_transition_score,normal weather,0.1,3487,222,349,121,0.545045045045045,0.3467048710601719,0.06366504158302265,5.445765249490178,0.943385080578639,0.7787270397266126,8005679.0,8486120.0,1823.0,2341.0
2010,component_transition_score,adverse weather,0.05,1371,87,69,32,0.367816091954023,0.463768115942029,0.06345733041575492,7.308345827086457,0.6323925597961961,0.5973451327433629,1225788.0,1938334.0,1080.0,1808.0
2010,component_transition_score,adverse weather,0.1,1371,87,138,48,0.5517241379310345,0.34782608695652173,0.06345733041575492,5.4812593703148424,0.7800766018653132,0.8335176991150443,1512049.0,1938334.0,1507.0,1808.0
2010,component_transition_score,high wind,0.05,64,3,4,2,0.6666666666666666,0.5,0.046875,10.666666666666666,0.0,0.0,0.0,37704.0,0.0,76.0
2010,component_transition_score,high wind,0.1,64,3,7,2,0.6666666666666666,0.2857142857142857,0.046875,6.095238095238095,0.0,0.0,0.0,37704.0,0.0,76.0
2010,component_transition_score,low visibility,0.05,175,14,9,4,0.2857142857142857,0.4444444444444444,0.08,5.555555555555555,0.9517137130599674,0.036036036036036036,1162879.0,1221879.0,4.0,111.0
2010,component_transition_score,low visibility,0.1,175,14,18,9,0.6428571428571429,0.5,0.08,6.25,0.9517137130599674,0.5225225225225225,1162879.0,1221879.0,58.0,111.0
2010,component_transition_score,precipitation,0.05,415,27,21,10,0.37037037037037035,0.47619047619047616,0.06506024096385542,7.319223985890653,0.7575215810459042,0.6143250688705234,1155884.0,1525876.0,669.0,1089.0
2010,component_transition_score,precipitation,0.1,415,27,42,15,0.5555555555555556,0.35714285714285715,0.06506024096385542,5.48941798941799,0.9037529917240982,0.8135904499540864,1379015.0,1525876.0,886.0,1089.0
2010,component_transition_score,low ceiling,0.05,1205,77,61,29,0.37662337662337664,0.47540983606557374,0.06390041493775933,7.439855226740473,0.6757642105642147,0.5229936880072137,1201229.0,1777586.0,580.0,1109.0
2010,component_transition_score,low ceiling,0.1,1205,77,121,40,0.5194805194805194,0.3305785123966942,0.06390041493775933,5.1733390576365785,0.7836020310691015,0.7186654643823264,1392920.0,1777586.0,797.0,1109.0
2010,weather_severity_only,all matched,0.05,4858,309,243,19,0.061488673139158574,0.07818930041152264,0.06360642239604776,1.2292673831688574,0.12966424908201427,0.0918293564714389,1351679.0,10424454.0,381.0,4149.0
2010,weather_severity_only,all matched,0.1,4858,309,486,33,0.10679611650485436,0.06790123456790123,0.06360642239604776,1.0675216748571656,0.14566336040237696,0.1376235237406604,1518461.0,10424454.0,571.0,4149.0
2010,component_weather_transition_score,all matched,0.05,4858,309,243,103,0.3333333333333333,0.42386831275720166,0.06360642239604776,6.6639231824417005,0.5891953669707786,0.4822848879248012,6142040.0,10424454.0,2001.0,4149.0
2010,component_weather_transition_score,all matched,0.1,4858,309,486,169,0.5469255663430421,0.3477366255144033,0.06360642239604776,5.467004940935182,0.8985444225664001,0.8088696071342493,9366835.0,10424454.0,3356.0,4149.0
2011,component_transition_score,all matched,0.05,5015,278,251,105,0.3776978417266187,0.41832669322709165,0.05543369890329013,7.546432973143398,0.7971363123893623,0.6574821852731592,36966664.0,46374332.0,4152.0,6315.0
2011,component_transition_score,all matched,0.1,5015,278,502,155,0.5575539568345323,0.30876494023904383,0.05543369890329013,5.569986242082032,0.9710495236890959,0.8357878068091845,45031773.0,46374332.0,5278.0,6315.0
2011,component_transition_score,normal weather,0.05,3408,190,171,65,0.34210526315789475,0.38011695906432746,0.05575117370892019,6.818097876269621,0.7798336289942901,0.6024886877828054,30088356.0,38583045.0,2663.0,4420.0
2011,component_transition_score,normal weather,0.1,3408,190,341,101,0.531578947368421,0.2961876832844575,0.05575117370892019,5.312671708597006,0.9854033293639732,0.8285067873303168,38019861.0,38583045.0,3662.0,4420.0
2011,component_transition_score,adverse weather,0.05,1607,88,81,40,0.45454545454545453,0.49382716049382713,0.054760423148724334,9.017957351290683,0.8828379701582036,0.7868073878627968,6878444.0,7791287.0,1491.0,1895.0
2011,component_transition_score,adverse weather,0.1,1607,88,161,56,0.6363636363636364,0.34782608695652173,0.054760423148724334,6.3517786561264815,0.8999683877644348,0.8348284960422163,7011912.0,7791287.0,1582.0,1895.0
2011,component_transition_score,low visibility,0.05,222,14,12,8,0.5714285714285714,0.6666666666666666,0.06306306306306306,10.571428571428571,0.9907007600854519,0.9797297297297297,4612888.0,4656187.0,145.0,148.0
2011,component_transition_score,low visibility,0.1,222,14,23,8,0.5714285714285714,0.34782608695652173,0.06306306306306306,5.51552795031056,0.9907007600854519,0.9797297297297297,4612888.0,4656187.0,145.0,148.0
2011,component_transition_score,precipitation,0.05,481,21,25,9,0.42857142857142855,0.36,0.04365904365904366,8.245714285714286,0.8470480354470495,0.7058823529411765,1154662.0,1363160.0,288.0,408.0
2011,component_transition_score,precipitation,0.1,481,21,49,12,0.5714285714285714,0.24489795918367346,0.04365904365904366,5.609329446064139,0.8480963349863553,0.7156862745098039,1156091.0,1363160.0,292.0,408.0
2011,component_transition_score,low ceiling,0.05,1422,83,72,37,0.4457831325301205,0.5138888888888888,0.058368495077355836,8.80421686746988,0.8686284496060975,0.7573529411764706,5723782.0,6589448.0,1236.0,1632.0
2011,component_transition_score,low ceiling,0.1,1422,83,143,54,0.6506024096385542,0.3776223776223776,0.058368495077355836,6.469626758783385,0.8888832569890528,0.8125,5857250.0,6589448.0,1326.0,1632.0
2011,weather_severity_only,all matched,0.05,5015,278,251,14,0.050359712230215826,0.055776892430278883,0.05543369890329013,1.0061910630857864,0.00442561630860796,0.016152019002375298,205235.0,46374332.0,102.0,6315.0
2011,weather_severity_only,all matched,0.1,5015,278,502,26,0.09352517985611511,0.05179282868525897,0.05543369890329013,0.9343202728653731,0.10390001951941863,0.0498812351543943,4818294.0,46374332.0,315.0,6315.0
2011,component_weather_transition_score,all matched,0.05,5015,278,251,98,0.35251798561151076,0.3904382470119522,0.05543369890329013,7.043337441600505,0.7011398676319478,0.6839271575613618,32514893.0,46374332.0,4319.0,6315.0
2011,component_weather_transition_score,all matched,0.1,5015,278,502,148,0.5323741007194245,0.2948207171314741,0.05543369890329013,5.318438476310585,0.982420081005156,0.8544734758511481,45559075.0,46374332.0,5396.0,6315.0
2012,component_transition_score,all matched,0.05,5272,306,264,112,0.3660130718954248,0.42424242424242425,0.05804248861911988,7.309170132699545,0.74592911054865,0.601249349297241,9794044.0,13129993.0,3465.0,5763.0
2012,component_transition_score,all matched,0.1,5272,306,528,170,0.5555555555555556,0.32196969696969696,0.05804248861911988,5.547138047138048,0.8447843041500479,0.8261322228006247,11092012.0,13129993.0,4761.0,5763.0
2012,component_transition_score,normal weather,0.05,3706,203,186,82,0.4039408866995074,0.44086021505376344,0.054776038855909336,8.04841358122782,0.7926063165179958,0.7700179073931952,9583250.0,12090807.0,3010.0,3909.0
2012,component_transition_score,normal weather,0.1,3706,203,371,118,0.5812807881773399,0.31805929919137466,0.054776038855909336,5.80654070346421,0.8482432975731066,0.8449731389102072,10255946.0,12090807.0,3303.0,3909.0
2012,component_transition_score,adverse weather,0.05,1566,103,79,36,0.34951456310679613,0.45569620253164556,0.06577266922094509,6.928351972471426,0.4372595473765043,0.5194174757281553,454394.0,1039186.0,963.0,1854.0
2012,component_transition_score,adverse weather,0.1,1566,103,157,53,0.5145631067961165,0.3375796178343949,0.06577266922094509,5.132521179889926,0.7918861493515117,0.7545846817691478,822917.0,1039186.0,1399.0,1854.0
2012,component_transition_score,high wind,0.05,61,6,4,2,0.3333333333333333,0.5,0.09836065573770492,5.083333333333333,0.03567131431806922,0.0,504.0,14129.0,0.0,20.0
2012,component_transition_score,high wind,0.1,61,6,7,3,0.5,0.42857142857142855,0.09836065573770492,4.357142857142857,0.9752282539457853,0.55,13779.0,14129.0,11.0,20.0
2012,component_transition_score,low visibility,0.05,131,9,7,4,0.4444444444444444,0.5714285714285714,0.06870229007633588,8.317460317460316,0.0,0.0,0.0,118832.0,0.0,333.0
2012,component_transition_score,low visibility,0.1,131,9,14,5,0.5555555555555556,0.35714285714285715,0.06870229007633588,5.198412698412699,0.2002827521206409,0.05405405405405406,23800.0,118832.0,18.0,333.0
2012,component_transition_score,precipitation,0.05,427,30,22,11,0.36666666666666664,0.5,0.0702576112412178,7.116666666666667,0.7132852238391088,0.4225092250922509,197585.0,277007.0,229.0,542.0
2012,component_transition_score,precipitation,0.1,427,30,43,14,0.4666666666666667,0.32558139534883723,0.0702576112412178,4.634108527131784,0.7739335107055056,0.8726937269372693,214385.0,277007.0,473.0,542.0
2012,component_transition_score,low ceiling,0.05,1388,92,70,32,0.34782608695652173,0.45714285714285713,0.06628242074927954,6.896894409937889,0.433548918050971,0.4899441340782123,436194.0,1006101.0,877.0,1790.0
2012,component_transition_score,low ceiling,0.1,1388,92,139,46,0.5,0.33093525179856115,0.06628242074927954,4.9928057553956835,0.7733984957772629,0.5815642458100558,778117.0,1006101.0,1041.0,1790.0
2012,weather_severity_only,all matched,0.05,5272,306,264,23,0.07516339869281045,0.08712121212121213,0.05804248861911988,1.5009902951079424,0.020937330278850873,0.09144542772861357,274907.0,13129993.0,527.0,5763.0
2012,weather_severity_only,all matched,0.1,5272,306,528,37,0.12091503267973856,0.07007575757575757,0.05804248861911988,1.2073182808476925,0.02281638687850024,0.1256290126670137,299579.0,13129993.0,724.0,5763.0
2012,component_weather_transition_score,all matched,0.05,5272,306,264,116,0.3790849673202614,0.4393939393939394,0.05804248861911988,7.5702119231531,0.7510959069056625,0.5844178379316328,9861884.0,13129993.0,3368.0,5763.0
2012,component_weather_transition_score,all matched,0.1,5272,306,528,159,0.5196078431372549,0.30113636363636365,0.05804248861911988,5.188205585264409,0.7977365258305926,0.7924692000694082,10474275.0,13129993.0,4567.0,5763.0
2013,component_transition_score,all matched,0.05,5010,269,251,114,0.42379182156133827,0.4541832669322709,0.053692614770459085,8.45895229490958,0.7410677137053211,0.5638558147121188,5298875.0,7150325.0,3457.0,6131.0
2013,component_transition_score,all matched,0.1,5010,269,501,160,0.5947955390334573,0.3193612774451098,0.053692614770459085,5.947955390334572,0.8644661606290623,0.875387375632034,6181214.0,7150325.0,5367.0,6131.0
2013,component_transition_score,normal weather,0.05,3519,189,176,85,0.4497354497354497,0.48295454545454547,0.05370843989769821,8.99215367965368,0.74135091538598,0.58801661928712,3155082.0,4255855.0,2689.0,4573.0
2013,component_transition_score,normal weather,0.1,3519,189,352,116,0.6137566137566137,0.32954545454545453,0.05370843989769821,6.135822510822511,0.9170787068638382,0.8832276404985786,3902954.0,4255855.0,4039.0,4573.0
2013,component_transition_score,adverse weather,0.05,1491,80,75,27,0.3375,0.36,0.05365526492287056,6.709499999999999,0.7358870535883945,0.4884467265725289,2130003.0,2894470.0,761.0,1558.0
2013,component_transition_score,adverse weather,0.1,1491,80,150,44,0.55,0.29333333333333333,0.05365526492287056,5.467,0.787107829758125,0.8523748395378691,2278260.0,2894470.0,1328.0,1558.0
2013,component_transition_score,high wind,0.05,46,4,3,1,0.25,0.3333333333333333,0.08695652173913043,3.833333333333333,0.9488292701027867,0.7384615384615385,178990.0,188643.0,48.0,65.0
2013,component_transition_score,high wind,0.1,46,4,5,2,0.5,0.4,0.08695652173913043,4.6000000000000005,0.9488292701027867,0.7384615384615385,178990.0,188643.0,48.0,65.0
2013,component_transition_score,low visibility,0.05,153,14,8,6,0.42857142857142855,0.75,0.0915032679738562,8.196428571428571,0.19236849936760658,0.2913907284768212,62055.0,322584.0,44.0,151.0
2013,component_transition_score,low visibility,0.1,153,14,16,7,0.5,0.4375,0.0915032679738562,4.78125,0.19236849936760658,0.6225165562913907,62055.0,322584.0,94.0,151.0
2013,component_transition_score,precipitation,0.05,383,11,20,5,0.45454545454545453,0.25,0.028720626631853787,8.704545454545455,0.8106995884773662,0.7848101265822784,8274.0,10206.0,62.0,79.0
2013,component_transition_score,precipitation,0.1,383,11,39,8,0.7272727272727273,0.20512820512820512,0.028720626631853787,7.142191142191142,0.8309817754262199,0.9240506329113924,8481.0,10206.0,73.0,79.0
2013,component_transition_score,low ceiling,0.05,1327,74,67,25,0.33783783783783783,0.373134328358209,0.05576488319517709,6.691206131504639,0.7146427463472582,0.46265560165975106,1888958.0,2643220.0,669.0,1446.0
2013,component_transition_score,low ceiling,0.1,1327,74,133,39,0.527027027027027,0.2932330827067669,0.05576488319517709,5.258382442592969,0.770732288647937,0.8547717842323651,2037215.0,2643220.0,1236.0,1446.0
2013,weather_severity_only,all matched,0.05,5010,269,251,21,0.07806691449814127,0.08366533864541832,0.053692614770459085,1.558228054325449,0.0374967571404097,0.020061980101125428,268114.0,7150325.0,123.0,6131.0
2013,weather_severity_only,all matched,0.1,5010,269,501,26,0.09665427509293681,0.05189620758483034,0.053692614770459085,0.9665427509293679,0.04938670619866929,0.038819115968031316,353131.0,7150325.0,238.0,6131.0
2013,component_weather_transition_score,all matched,0.05,5010,269,251,95,0.35315985130111527,0.3784860557768924,0.053692614770459085,7.049126912424651,0.5507268550730211,0.3420322948947969,3937876.0,7150325.0,2097.0,6131.0
2013,component_weather_transition_score,all matched,0.1,5010,269,501,144,0.5353159851301115,0.2874251497005988,0.053692614770459085,5.353159851301115,0.7134050550149819,0.6607404991029195,5101078.0,7150325.0,4051.0,6131.0
2014,component_transition_score,all matched,0.05,6400,316,320,140,0.4430379746835443,0.4375,0.049375,8.860759493670885,0.7402765679677297,0.6880368369786594,18538715.0,25042958.0,3885.0,5646.5
2014,component_transition_score,all matched,0.1,6400,316,640,201,0.6360759493670886,0.3140625,0.049375,6.360759493670886,0.9427452619614664,0.8085539714867617,23609130.0,25042958.0,4565.5,5646.5
2014,component_transition_score,normal weather,0.05,4392,195,220,82,0.4205128205128205,0.37272727272727274,0.04439890710382514,8.394965034965034,0.7510083947716911,0.7145751722274754,16479782.0,21943539.0,2645.0,3701.5
2014,component_transition_score,normal weather,0.1,4392,195,440,119,0.6102564102564103,0.27045454545454545,0.04439890710382514,6.091468531468531,0.9518038999999043,0.781169796028637,20885946.0,21943539.0,2891.5,3701.5
2014,component_transition_score,adverse weather,0.05,2008,121,101,52,0.4297520661157025,0.5148514851485149,0.0602589641434263,8.543981670894363,0.6803039537410076,0.6349614395886889,2108547.0,3099419.0,1235.0,1945.0
2014,component_transition_score,adverse weather,0.1,2008,121,201,81,0.6694214876033058,0.40298507462686567,0.0602589641434263,6.687553965708647,0.8623070969107436,0.8637532133676092,2672651.0,3099419.0,1680.0,1945.0
2014,component_transition_score,high wind,0.05,68,9,4,2,0.2222222222222222,0.5,0.1323529411764706,3.7777777777777777,0.04412078878681764,0.4140625,4750.0,107659.0,53.0,128.0
2014,component_transition_score,high wind,0.1,68,9,7,4,0.4444444444444444,0.5714285714285714,0.1323529411764706,4.317460317460317,0.34456013895726323,0.6015625,37095.0,107659.0,77.0,128.0
2014,component_transition_score,low visibility,0.05,169,12,9,6,0.5,0.6666666666666666,0.07100591715976332,9.388888888888888,0.24202894130922065,0.616822429906542,31745.0,131162.0,66.0,107.0
2014,component_transition_score,low visibility,0.1,169,12,17,8,0.6666666666666666,0.47058823529411764,0.07100591715976332,6.627450980392156,0.37652673792714353,0.7289719626168224,49386.0,131162.0,78.0,107.0
2014,component_transition_score,precipitation,0.05,596,32,30,17,0.53125,0.5666666666666667,0.053691275167785234,10.554166666666667,0.841926004975087,0.8445475638051044,560146.0,665315.0,364.0,431.0
2014,component_transition_score,precipitation,0.1,596,32,60,20,0.625,0.3333333333333333,0.053691275167785234,6.208333333333333,0.9160367645401051,0.8700696055684455,609453.0,665315.0,375.0,431.0
2014,component_transition_score,low ceiling,0.05,1703,102,86,47,0.46078431372549017,0.5465116279069767,0.05989430416911333,9.124601003191973,0.7057472754312826,0.6436107854630715,2025362.0,2869812.0,1098.0,1706.0
2014,component_transition_score,low ceiling,0.1,1703,102,171,74,0.7254901960784313,0.4327485380116959,0.05989430416911333,7.22520353170508,0.8910412946910808,0.8903868698710434,2557121.0,2869812.0,1519.0,1706.0
2014,weather_severity_only,all matched,0.05,6400,316,320,23,0.07278481012658228,0.071875,0.049375,1.4556962025316453,0.022716845190572137,0.0586203843088639,568897.0,25042958.0,331.0,5646.5
2014,weather_severity_only,all matched,0.1,6400,316,640,46,0.14556962025316456,0.071875,0.049375,1.4556962025316453,0.04652924786281237,0.1384928716904277,1165230.0,25042958.0,782.0,5646.5
2014,component_weather_transition_score,all matched,0.05,6400,316,320,129,0.40822784810126583,0.403125,0.049375,8.164556962025316,0.7338207810754624,0.5356415478615071,18377043.0,25042958.0,3024.5,5646.5
2014,component_weather_transition_score,all matched,0.1,6400,316,640,190,0.6012658227848101,0.296875,0.049375,6.012658227848101,0.8188222014348305,0.716992827415213,20505730.0,25042958.0,4048.5,5646.5
2015,component_transition_score,all matched,0.05,5768,260,289,110,0.4230769230769231,0.3806228373702422,0.04507628294036061,8.443971253659836,0.7499021215851308,0.5396187343930812,20479371.0,27309392.0,4430.0,8209.5
2015,component_transition_score,all matched,0.1,5768,260,577,157,0.6038461538461538,0.2720970537261698,0.04507628294036061,6.0363684842021055,0.8620457386967824,0.7373165235398015,23541945.0,27309392.0,6053.0,8209.5
2015,component_transition_score,normal weather,0.05,3958,179,198,78,0.43575418994413406,0.3939393939393939,0.045224861040929765,8.710682241408497,0.6686089954007362,0.6433518597691321,10431679.0,15602062.0,3762.0,5847.5
2015,component_transition_score,normal weather,0.1,3958,179,396,108,0.6033519553072626,0.2727272727272727,0.045224861040929765,6.030472320975114,0.8184272053270908,0.6956819153484395,12769152.0,15602062.0,4068.0,5847.5
2015,component_transition_score,adverse weather,0.05,1810,81,91,31,0.38271604938271603,0.34065934065934067,0.044751381215469614,7.612264278930946,0.8443074552438515,0.26037256562235395,9884586.0,11707330.0,615.0,2362.0
2015,component_transition_score,adverse weather,0.1,1810,81,181,49,0.6049382716049383,0.27071823204419887,0.044751381215469614,6.049382716049382,0.9142060572308118,0.8336155800169348,10702912.0,11707330.0,1969.0,2362.0
2015,component_transition_score,high wind,0.05,58,8,3,2,0.25,0.6666666666666666,0.13793103448275862,4.833333333333333,0.0,0.631578947368421,0.0,1517685.0,24.0,38.0
2015,component_transition_score,high wind,0.1,58,8,6,3,0.375,0.5,0.13793103448275862,3.625,0.0,0.631578947368421,0.0,1517685.0,24.0,38.0
2015,component_transition_score,low visibility,0.05,227,7,12,3,0.42857142857142855,0.25,0.030837004405286344,8.107142857142858,0.9403228460264575,0.9666666666666667,8006692.0,8514833.0,203.0,210.0
2015,component_transition_score,low visibility,0.1,227,7,23,4,0.5714285714285714,0.17391304347826086,0.030837004405286344,5.639751552795031,0.9403388181541552,0.9809523809523809,8006828.0,8514833.0,206.0,210.0
2015,component_transition_score,precipitation,0.05,583,21,30,12,0.5714285714285714,0.4,0.036020583190394515,11.104761904761904,0.07003235055552412,0.6080402010050251,59402.0,848208.0,121.0,199.0
2015,component_transition_score,precipitation,0.1,583,21,59,17,0.8095238095238095,0.288135593220339,0.036020583190394515,7.999192897497982,0.9867626808518665,0.6834170854271356,836980.0,848208.0,136.0,199.0
2015,component_transition_score,low ceiling,0.05,1590,72,80,30,0.4166666666666667,0.375,0.045283018867924525,8.28125,0.8377477670307464,0.264,8528506.0,10180279.0,594.0,2250.0
2015,component_transition_score,low ceiling,0.1,1590,72,159,44,0.6111111111111112,0.27672955974842767,0.045283018867924525,6.111111111111112,0.9021094608507292,0.8417777777777777,9183726.0,10180279.0,1894.0,2250.0
2015,weather_severity_only,all matched,0.05,5768,260,289,12,0.046153846153846156,0.04152249134948097,0.04507628294036061,0.9211605003992547,0.32384719513345445,0.0286253730434253,8844070.0,27309392.0,235.0,8209.5
2015,weather_severity_only,all matched,0.1,5768,260,577,24,0.09230769230769231,0.0415944540727903,0.04507628294036061,0.9227569657379017,0.32633381219179103,0.04348620500639503,8911978.0,27309392.0,357.0,8209.5
2015,component_weather_transition_score,all matched,0.05,5768,260,289,102,0.3923076923076923,0.35294117647058826,0.04507628294036061,7.829864253393666,0.7357239223780595,0.4327912783969791,20092173.0,27309392.0,3553.0,8209.5
2015,component_weather_transition_score,all matched,0.1,5768,260,577,151,0.5807692307692308,0.2616984402079723,0.04507628294036061,5.805679242767631,0.8984348681215605,0.5988184420488458,24535710.0,27309392.0,4916.0,8209.5
2016,component_transition_score,all matched,0.05,5831,279,292,127,0.4551971326164875,0.4349315068493151,0.04784771051277654,9.089912603721707,0.41397355801315816,0.28856646825396826,3855207.0,9312689.0,2327.0,8064.0
2016,component_transition_score,all matched,0.1,5831,279,584,173,0.6200716845878136,0.2962328767123288,0.04784771051277654,6.191160946629352,0.7353472235570199,0.5809771825396826,6848060.0,9312689.0,4685.0,8064.0
2016,component_transition_score,normal weather,0.05,3933,189,197,89,0.4708994708994709,0.4517766497461929,0.04805491990846682,9.4012569494803,0.3898084324770098,0.2789034564958284,2828503.0,7256136.0,1872.0,6712.0
2016,component_transition_score,normal weather,0.1,3933,189,394,122,0.6455026455026455,0.3096446700507614,0.04805491990846682,6.443558133913464,0.714760858947517,0.5882002383790227,5186402.0,7256136.0,3948.0,6712.0
2016,component_transition_score,adverse weather,0.05,1898,90,95,38,0.4222222222222222,0.4,0.04741833508956796,8.435555555555556,0.49923537103104076,0.33653846153846156,1026704.0,2056553.0,455.0,1352.0
2016,component_transition_score,adverse weather,0.1,1898,90,190,52,0.5777777777777777,0.2736842105263158,0.04741833508956796,5.7716959064327495,0.8058985107604812,0.4911242603550296,1657373.0,2056553.0,664.0,1352.0
2016,component_transition_score,high wind,0.05,62,6,4,2,0.3333333333333333,0.5,0.0967741935483871,5.166666666666667,0.0,0.0,0.0,12051.0,0.0,0.0
2016,component_transition_score,high wind,0.1,62,6,7,3,0.5,0.42857142857142855,0.0967741935483871,4.428571428571429,0.0,0.0,0.0,12051.0,0.0,0.0
2016,component_transition_score,low visibility,0.05,161,7,9,4,0.5714285714285714,0.4444444444444444,0.043478260869565216,10.222222222222221,0.3477252888559334,0.08797653958944282,37047.0,106541.0,30.0,341.0
2016,component_transition_score,low visibility,0.1,161,7,17,5,0.7142857142857143,0.29411764705882354,0.043478260869565216,6.764705882352942,1.0,0.2991202346041056,106541.0,106541.0,102.0,341.0
2016,component_transition_score,precipitation,0.05,530,22,27,11,0.5,0.4074074074074074,0.04150943396226415,9.814814814814815,0.9079756287507444,0.4607645875251509,891909.0,982305.0,229.0,497.0
2016,component_transition_score,precipitation,0.1,530,22,53,12,0.5454545454545454,0.22641509433962265,0.04150943396226415,5.454545454545455,0.9079756287507444,0.48893360160965793,891909.0,982305.0,243.0,497.0
2016,component_transition_score,low ceiling,0.05,1664,74,84,33,0.44594594594594594,0.39285714285714285,0.04447115384615385,8.833976833976834,0.43118381639095427,0.36611570247933883,759034.0,1760349.0,443.0,1210.0
2016,component_transition_score,low ceiling,0.1,1664,74,167,45,0.6081081081081081,0.2694610778443114,0.04447115384615385,6.059232885580191,0.7894474334350745,0.5388429752066116,1389703.0,1760349.0,652.0,1210.0
2016,weather_severity_only,all matched,0.05,5831,279,292,11,0.03942652329749104,0.03767123287671233,0.04784771051277654,0.7873152648892816,0.07890277448328833,0.07341269841269842,734797.0,9312689.0,592.0,8064.0
2016,weather_severity_only,all matched,0.1,5831,279,584,21,0.07526881720430108,0.03595890410958904,0.04784771051277654,0.7515282073943143,0.07913858177804499,0.07552083333333333,736993.0,9312689.0,609.0,8064.0
2016,component_weather_transition_score,all matched,0.05,5831,279,292,126,0.45161290322580644,0.4315068493150685,0.04784771051277654,9.018338488731771,0.6354894918105823,0.15079365079365079,5918116.0,9312689.0,1216.0,8064.0
2016,component_weather_transition_score,all matched,0.1,5831,279,584,165,0.5913978494623656,0.2825342465753425,0.04784771051277654,5.904864486669613,0.7278671069118705,0.33606150793650796,6778400.0,9312689.0,2710.0,8064.0
2017,component_transition_score,all matched,0.05,6037,315,302,126,0.4,0.41721854304635764,0.052178234222295845,7.9960264900662255,0.8820907936481717,0.6303445787479705,13457081.0,15255891.0,3494.0,5543.0
2017,component_transition_score,all matched,0.1,6037,315,604,170,0.5396825396825397,0.2814569536423841,0.052178234222295845,5.394144854409754,0.889331209825765,0.7097239761861808,13567540.0,15255891.0,3934.0,5543.0
2017,component_transition_score,normal weather,0.05,4104,201,206,82,0.4079601990049751,0.39805825242718446,0.0489766081871345,8.127517751050572,0.9418487399232217,0.5845799769850403,11110335.0,11796305.0,2032.0,3476.0
2017,component_transition_score,normal weather,0.1,4104,201,411,107,0.5323383084577115,0.26034063260340634,0.0489766081871345,5.315611722409849,0.9510847676454619,0.7002301495972382,11219286.0,11796305.0,2434.0,3476.0
2017,component_transition_score,adverse weather,0.05,1933,114,97,44,0.38596491228070173,0.4536082474226804,0.058975685463010866,7.691445107614396,0.6786725348061878,0.7082728592162555,2347926.0,3459586.0,1464.0,2067.0
2017,component_transition_score,adverse weather,0.1,1933,114,194,63,0.5526315789473685,0.3247422680412371,0.058975685463010866,5.506375474769397,0.6787673438382512,0.7256894049346879,2348254.0,3459586.0,1500.0,2067.0
2017,component_transition_score,high wind,0.05,68,10,4,2,0.2,0.5,0.14705882352941177,3.4,0.0,0.7881773399014779,0.0,18823.0,480.0,609.0
2017,component_transition_score,high wind,0.1,68,10,7,4,0.4,0.5714285714285714,0.14705882352941177,3.8857142857142852,0.0,0.7931034482758621,0.0,18823.0,483.0,609.0
2017,component_transition_score,low visibility,0.05,177,12,9,5,0.4166666666666667,0.5555555555555556,0.06779661016949153,8.194444444444445,0.020006538084341288,0.5324675324675324,918.0,45885.0,82.0,154.0
2017,component_transition_score,low visibility,0.1,177,12,18,5,0.4166666666666667,0.2777777777777778,0.06779661016949153,4.097222222222222,0.020006538084341288,0.6493506493506493,918.0,45885.0,100.0,154.0
2017,component_transition_score,precipitation,0.05,545,24,28,8,0.3333333333333333,0.2857142857142857,0.044036697247706424,6.488095238095237,0.9899074300184081,0.7622478386167147,1009370.0,1019661.0,529.0,694.0
2017,component_transition_score,precipitation,0.1,545,24,55,14,0.5833333333333334,0.2545454545454545,0.044036697247706424,5.780303030303029,0.9899074300184081,0.7622478386167147,1009370.0,1019661.0,529.0,694.0
2017,component_transition_score,low ceiling,0.05,1698,98,85,41,0.41836734693877553,0.4823529411764706,0.05771495877502945,8.357503001200481,0.5471502370408279,0.5294715447154471,1338556.0,2446414.0,521.0,984.0
2017,component_transition_score,low ceiling,0.1,1698,98,170,55,0.5612244897959183,0.3235294117647059,0.05771495877502945,5.605642256902762,0.5472843108320996,0.573170731707317,1338884.0,2446414.0,564.0,984.0
2017,weather_severity_only,all matched,0.05,6037,315,302,15,0.047619047619047616,0.04966887417218543,0.052178234222295845,0.9519079154840743,0.001993656089965509,0.02363341151001263,30415.0,15255891.0,131.0,5543.0
2017,weather_severity_only,all matched,0.1,6037,315,604,28,0.08888888888888889,0.046357615894039736,0.052178234222295845,0.8884473877851361,0.04871167472289885,0.08334836731012088,743140.0,15255891.0,462.0,5543.0
2017,component_weather_transition_score,all matched,0.05,6037,315,302,120,0.38095238095238093,0.3973509933774834,0.052178234222295845,7.615263323872594,0.8146593338927238,0.5293162547357027,12428354.0,15255891.0,2934.0,5543.0
2017,component_weather_transition_score,all matched,0.1,6037,315,604,175,0.5555555555555556,0.2897350993377483,0.052178234222295845,5.5527961736571,0.8978730249187019,0.7259606711167238,13697853.0,15255891.0,4024.0,5543.0
2018,component_transition_score,all matched,0.05,7065,342,354,156,0.45614035087719296,0.4406779661016949,0.048407643312101914,9.103479036574486,0.5620733025078756,0.7880785968614005,3515284.0,6254138.0,8964.0,11374.5
2018,component_transition_score,all matched,0.1,7065,342,707,219,0.6403508771929824,0.30975954738330974,0.048407643312101914,6.398980123576266,0.7583619037507647,0.8737966504022154,4742900.0,6254138.0,9939.0,11374.5
2018,component_transition_score,normal weather,0.05,4518,219,226,98,0.4474885844748858,0.4336283185840708,0.04847277556440903,8.945811613528914,0.5655961642112615,0.6627402862985685,2377876.0,4204194.0,4051.0,6112.5
2018,component_transition_score,normal weather,0.1,4518,219,452,139,0.634703196347032,0.3075221238938053,0.04847277556440903,6.344223542247545,0.6923419804128924,0.8093251533742332,2910740.0,4204194.0,4947.0,6112.5
2018,component_transition_score,adverse weather,0.05,2547,123,128,55,0.44715447154471544,0.4296875,0.048292108362779744,8.897675304878048,0.5551605312145113,0.9336754085898897,1138048.0,2049944.0,4913.0,5262.0
2018,component_transition_score,adverse weather,0.1,2547,123,255,79,0.6422764227642277,0.30980392156862746,0.048292108362779744,6.415208034433285,0.893761000300496,0.9486887115165337,1832160.0,2049944.0,4992.0,5262.0
2018,component_transition_score,high wind,0.05,97,18,5,4,0.2222222222222222,0.8,0.18556701030927836,4.311111111111111,0.0,0.12121212121212122,0.0,623360.0,4.0,33.0
2018,component_transition_score,high wind,0.1,97,18,10,8,0.4444444444444444,0.8,0.18556701030927836,4.311111111111111,0.0,0.12121212121212122,0.0,623360.0,4.0,33.0
2018,component_transition_score,low visibility,0.05,268,8,14,5,0.625,0.35714285714285715,0.029850746268656716,11.964285714285715,0.84375,0.37606837606837606,6912.0,8192.0,44.0,117.0
2018,component_transition_score,low visibility,0.1,268,8,27,6,0.75,0.2222222222222222,0.029850746268656716,7.444444444444444,0.921875,0.39316239316239315,7552.0,8192.0,46.0,117.0
2018,component_transition_score,precipitation,0.05,763,27,39,15,0.5555555555555556,0.38461538461538464,0.035386631716906945,10.86894586894587,0.9719245995714234,0.8008658008658008,856320.0,881056.0,185.0,231.0
2018,component_transition_score,precipitation,0.1,763,27,77,19,0.7037037037037037,0.24675324675324675,0.035386631716906945,6.973063973063973,0.9730868412450514,0.8095238095238095,857344.0,881056.0,187.0,231.0
2018,component_transition_score,low ceiling,0.05,2260,103,113,47,0.4563106796116505,0.415929203539823,0.045575221238938056,9.12621359223301,0.7511517855281536,0.9408675354989302,864768.0,1151256.0,4837.0,5141.0
2018,component_transition_score,low ceiling,0.1,2260,103,226,66,0.6407766990291263,0.2920353982300885,0.045575221238938056,6.407766990291262,0.8126081427588651,0.9529274460221747,935520.0,1151256.0,4899.0,5141.0
2018,weather_severity_only,all matched,0.05,7065,342,354,11,0.03216374269005848,0.031073446327683617,0.048407643312101914,0.641911983348201,0.0013303192222493332,0.010286166424897797,8320.0,6254138.0,117.0,11374.5
2018,weather_severity_only,all matched,0.1,7065,342,707,23,0.06725146198830409,0.03253182461103253,0.048407643312101914,0.6720390084121194,0.09673467390709958,0.01819860213635764,604992.0,6254138.0,207.0,11374.5
2018,component_weather_transition_score,all matched,0.05,7065,342,354,142,0.4152046783625731,0.4011299435028249,0.048407643312101914,8.286500148676776,0.6200240544740139,0.29117763418172227,3877716.0,6254138.0,3312.0,11374.5
2018,component_weather_transition_score,all matched,0.1,7065,342,707,204,0.5964912280701754,0.28854314002828857,0.048407643312101914,5.960693813742276,0.6851175973411524,0.3958855334300409,4284820.0,6254138.0,4503.0,11374.5
2019,component_transition_score,all matched,0.05,6898,312,345,133,0.42628205128205127,0.3855072463768116,0.04523050159466512,8.523169825343738,0.6987168641146267,0.530831743009304,11376988.0,16282687.0,2497.8500000000004,4705.54
2019,component_transition_score,all matched,0.1,6898,312,690,189,0.6057692307692307,0.27391304347826084,0.04523050159466512,6.055936454849498,0.967102604134072,0.7574029760665089,15747029.0,16282687.0,3563.9900000000002,4705.54
2019,component_transition_score,normal weather,0.05,4536,220,227,96,0.43636363636363634,0.42290748898678415,0.048500881834215165,8.71958350020024,0.5773747073597847,0.6183833715468825,4049798.0,7014159.0,2057.8500000000004,3327.7900000000004
2019,component_transition_score,normal weather,0.1,4536,220,454,140,0.6363636363636364,0.30837004405286345,0.048500881834215165,6.3580296355626755,0.9824580537738024,0.8314497008525177,6891117.0,7014159.0,2766.8900000000003,3327.7900000000004
2019,component_transition_score,adverse weather,0.05,2362,92,119,37,0.40217391304347827,0.31092436974789917,0.03895004233700254,7.982645232005845,0.7905451653164343,0.3193612774451097,7327190.0,9268528.0,440.0,1377.7500000000002
2019,component_transition_score,adverse weather,0.1,2362,92,237,49,0.532608695652174,0.20675105485232068,0.03895004233700254,5.308108603925885,0.9554820355508448,0.5785519869352204,8855912.0,9268528.0,797.1,1377.7500000000002
2019,component_transition_score,high wind,0.05,73,2,4,0,0.0,0.0,0.0273972602739726,0.0,0.0,0.0,0.0,0.0,0.0,25.5
2019,component_transition_score,high wind,0.1,73,2,8,0,0.0,0.0,0.0273972602739726,0.0,0.0,0.0,0.0,0.0,0.0,25.5
2019,component_transition_score,low visibility,0.05,205,12,11,5,0.4166666666666667,0.45454545454545453,0.05853658536585366,7.765151515151515,0.9724915192464044,0.7251356238698011,693756.0,713380.0,200.5,276.5
2019,component_transition_score,low visibility,0.1,205,12,21,5,0.4166666666666667,0.23809523809523808,0.05853658536585366,4.067460317460317,0.9724915192464044,0.7251356238698011,693756.0,713380.0,200.5,276.5
2019,component_transition_score,precipitation,0.05,778,36,39,15,0.4166666666666667,0.38461538461538464,0.04627249357326478,8.311965811965813,0.6530238640078457,0.35918513223731235,479424.0,734160.0,201.0,559.6
2019,component_transition_score,precipitation,0.1,778,36,78,19,0.5277777777777778,0.24358974358974358,0.04627249357326478,5.264245014245014,0.6530238640078457,0.407433881343817,479424.0,734160.0,228.0,559.6
2019,component_transition_score,low ceiling,0.05,2084,77,105,30,0.38961038961038963,0.2857142857142857,0.03694817658349328,7.732838589981447,0.8065700110436579,0.302471233674807,7143522.0,8856667.0,311.5,1029.8500000000001
2019,component_transition_score,low ceiling,0.1,2084,77,209,41,0.5324675324675324,0.19617224880382775,0.03694817658349328,5.309389175417883,0.9791769296508495,0.6463077147157352,8672244.0,8856667.0,665.6,1029.8500000000001
2019,weather_severity_only,all matched,0.05,6898,312,345,16,0.05128205128205128,0.0463768115942029,0.04523050159466512,1.0253437383872166,0.04385080914470689,0.07161771018841623,714009.0,16282687.0,337.0,4705.539999999999
2019,weather_severity_only,all matched,0.1,6898,312,690,25,0.08012820512820513,0.036231884057971016,0.04523050159466512,0.801049795615013,0.043874023986335914,0.08280664918372813,714387.0,16282687.0,389.65,4705.539999999999
2019,component_weather_transition_score,all matched,0.05,6898,312,345,126,0.40384615384615385,0.3652173913043478,0.04523050159466512,8.07458193979933,0.6872360194604245,0.5844918967854913,11190049.0,16282687.0,2750.3500000000004,4705.539999999999
2019,component_weather_transition_score,all matched,0.1,6898,312,690,180,0.5769230769230769,0.2608695652173913,0.04523050159466512,5.7675585284280935,0.9450062511181355,0.7259294363664959,15387241.0,16282687.0,3415.8900000000003,4705.539999999999
2020,component_transition_score,all matched,0.05,3754,184,188,71,0.3858695652173913,0.3776595744680851,0.049014384656366546,7.705076318223867,0.9493066792547823,0.1820041295651052,9823791.0,10348385.0,282.07,1549.7999999999997
2020,component_transition_score,all matched,0.1,3754,184,376,102,0.5543478260869565,0.2712765957446808,0.049014384656366546,5.5346322849213685,0.9591384549376545,0.4028068137824236,9925534.0,10348385.0,624.27,1549.7999999999997
2020,component_transition_score,normal weather,0.05,2451,107,123,44,0.411214953271028,0.35772357723577236,0.04365565075479396,8.19421016640073,0.9651862337476058,0.16628184481654673,9811009.0,10164887.0,171.4,1030.7799999999997
2020,component_transition_score,normal weather,0.1,2451,107,246,63,0.5887850467289719,0.25609756097560976,0.04365565075479396,5.866309550945977,0.9737280896482174,0.45101767593472913,9897836.0,10164887.0,464.9,1030.7799999999997
2020,component_transition_score,adverse weather,0.05,1303,77,66,28,0.36363636363636365,0.42424242424242425,0.059094397544128936,7.179063360881543,0.06965743495841917,0.21322877731108628,12782.0,183498.0,110.67,519.02
2020,component_transition_score,adverse weather,0.1,1303,77,131,39,0.5064935064935064,0.29770992366412213,0.059094397544128936,5.037870526420145,0.15094442446239195,0.30320604215637165,27698.0,183498.0,157.37,519.02
2020,component_transition_score,high wind,0.05,37,7,2,2,0.2857142857142857,1.0,0.1891891891891892,5.285714285714286,0.0,0.0,0.0,0.0,0.0,4.0
2020,component_transition_score,high wind,0.1,37,7,4,2,0.2857142857142857,0.5,0.1891891891891892,2.642857142857143,0.0,0.0,0.0,0.0,0.0,4.0
2020,component_transition_score,low visibility,0.05,117,11,6,3,0.2727272727272727,0.5,0.09401709401709402,5.318181818181818,0.0,0.6782027929568912,0.0,622.0,11.17,16.470000000000002
2020,component_transition_score,low visibility,0.1,117,11,12,3,0.2727272727272727,0.25,0.09401709401709402,2.659090909090909,0.0,0.6782027929568912,0.0,622.0,11.17,16.470000000000002
2020,component_transition_score,precipitation,0.05,365,25,19,7,0.28,0.3684210526315789,0.0684931506849315,5.378947368421053,0.0,0.11020062164453236,0.0,48354.0,19.5,176.95
2020,component_transition_score,precipitation,0.1,365,25,37,10,0.4,0.2702702702702703,0.0684931506849315,3.9459459459459465,0.05141249948297969,0.13280587736648772,2486.0,48354.0,23.5,176.95
2020,component_transition_score,low ceiling,0.05,1173,69,59,25,0.36231884057971014,0.423728813559322,0.058823529411764705,7.203389830508474,0.07013289145917237,0.22904222881249736,12782.0,182254.0,109.67,478.82000000000005
2020,component_transition_score,low ceiling,0.1,1173,69,118,35,0.5072463768115942,0.2966101694915254,0.058823529411764705,5.042372881355932,0.15197471660429948,0.28856355206549433,27698.0,182254.0,138.17000000000002,478.82000000000005
2020,weather_severity_only,all matched,0.05,3754,184,188,19,0.10326086956521739,0.10106382978723404,0.049014384656366546,2.0619218316373726,6.0105997215990707e-05,0.046244676732481615,622.0,10348385.0,71.67,1549.8
2020,weather_severity_only,all matched,0.1,3754,184,376,26,0.14130434782608695,0.06914893617021277,0.049014384656366546,1.4107886216466234,0.004432382444217141,0.0993483030068396,45868.0,10348385.0,153.97,1549.8
2020,component_weather_transition_score,all matched,0.05,3754,184,188,64,0.34782608695652173,0.3404255319148936,0.049014384656366546,6.945420906567992,0.9487960681787545,0.16716350496838303,9818507.0,10348385.0,259.07,1549.7999999999997
2020,component_weather_transition_score,all matched,0.1,3754,184,376,95,0.5163043478260869,0.2526595744680851,0.049014384656366546,5.154804579093432,0.9598590504701942,0.40829139243773394,9932991.0,10348385.0,632.77,1549.7999999999997
2021,component_transition_score,all matched,0.05,6080,291,304,126,0.4329896907216495,0.4144736842105263,0.04786184210526316,8.65979381443299,0.9693872278993452,0.7803598090587305,35011058.0,36116690.0,6893.8,8834.129999999997
2021,component_transition_score,all matched,0.1,6080,291,608,176,0.6048109965635738,0.2894736842105263,0.04786184210526316,6.048109965635739,0.9893492177716176,0.9360627475484289,35732019.0,36116690.0,8269.3,8834.129999999997
2021,component_transition_score,normal weather,0.05,4066,186,204,84,0.45161290322580644,0.4117647058823529,0.04574520413182489,9.001265022137886,0.9892405005465592,0.785595337218984,31616071.0,31959944.0,3585.3,4563.800000000001
2021,component_transition_score,normal weather,0.1,4066,186,407,112,0.6021505376344086,0.2751842751842752,0.04574520413182489,6.015587434942273,0.9901625609857139,0.9077194443227135,31645540.0,31959944.0,4142.650000000001,4563.800000000001
2021,component_transition_score,adverse weather,0.05,2014,105,101,44,0.41904761904761906,0.43564356435643564,0.052135054617676264,8.356058462989155,0.832161743825579,0.7747644795601275,3459085.0,4156746.0,3308.5,4270.330000000001
2021,component_transition_score,adverse weather,0.1,2014,105,202,65,0.6190476190476191,0.3217821782178218,0.052135054617676264,6.172088637435173,0.9828101115632276,0.9663538883411817,4085292.0,4156746.0,4126.65,4270.330000000001
2021,component_transition_score,high wind,0.05,46,1,3,0,0.0,0.0,0.021739130434782608,0.0,0.0,0.0,0.0,2101227.0,0.0,50.0
2021,component_transition_score,high wind,0.1,46,1,5,1,1.0,0.2,0.021739130434782608,9.200000000000001,0.9998872087594534,0.96,2100990.0,2101227.0,48.0,50.0
2021,component_transition_score,low visibility,0.05,200,17,10,7,0.4117647058823529,0.7,0.085,8.235294117647058,0.9294651296765497,0.7936507936507936,830900.0,893955.0,100.0,126.0
2021,component_transition_score,low visibility,0.1,200,17,20,9,0.5294117647058824,0.45,0.085,5.294117647058823,0.9294651296765497,0.7936507936507936,830900.0,893955.0,100.0,126.0
2021,component_transition_score,precipitation,0.05,642,20,33,9,0.45,0.2727272727272727,0.03115264797507788,8.754545454545454,0.6326885390312978,0.7668862452069609,297344.0,469969.0,390.0,508.55
2021,component_transition_score,precipitation,0.1,642,20,65,11,0.55,0.16923076923076924,0.03115264797507788,5.432307692307693,0.8681593892363113,0.9084652443220922,408008.0,469969.0,462.0,508.55
2021,component_transition_score,low ceiling,0.05,1762,95,89,40,0.42105263157894735,0.449438202247191,0.05391600454029512,8.335895919574217,0.8442167085827986,0.7732418686919051,3161741.0,3745177.0,2946.5,3810.58
2021,component_transition_score,low ceiling,0.1,1762,95,177,60,0.631578947368421,0.3389830508474576,0.05391600454029512,6.287243532560214,0.9818718848268052,0.9687895281033333,3677284.0,3745177.0,3691.6499999999996,3810.58
2021,weather_severity_only,all matched,0.05,6080,291,304,19,0.06529209621993128,0.0625,0.04786184210526316,1.3058419243986255,0.024725549323595268,0.014772252615707488,893005.0,36116690.0,130.5,8834.130000000001
2021,weather_severity_only,all matched,0.1,6080,291,608,29,0.09965635738831616,0.047697368421052634,0.04786184210526316,0.9965635738831615,0.024764977078464277,0.018145533289639162,894429.0,36116690.0,160.3,8834.130000000001
2021,component_weather_transition_score,all matched,0.05,6080,291,304,123,0.422680412371134,0.40460526315789475,0.04786184210526316,8.45360824742268,0.9652040926231058,0.4515272018863206,34859977.0,36116690.0,3988.8500000000004,8834.129999999997
2021,component_weather_transition_score,all matched,0.1,6080,291,608,165,0.5670103092783505,0.2713815789473684,0.04786184210526316,5.6701030927835046,0.9859163727351538,0.8541305142668267,35608036.0,36116690.0,7545.5,8834.129999999997
2022,component_transition_score,all matched,0.05,7156,324,358,132,0.4074074074074074,0.3687150837988827,0.045276690888764674,8.143596110076556,0.7347957459662751,0.7123352511282837,9785937.0,13317901.0,4755.6,6676.07
2022,component_transition_score,all matched,0.1,7156,324,716,185,0.5709876543209876,0.25837988826815644,0.045276690888764674,5.706686668046072,0.7830602585197172,0.782893229100354,10428719.0,13317901.0,5226.65,6676.07
2022,component_transition_score,normal weather,0.05,5060,226,253,94,0.415929203539823,0.3715415019762846,0.04466403162055336,8.318584070796462,0.806589704829588,0.76182071164474,9390006.0,11641614.0,4281.6,5620.22
2022,component_transition_score,normal weather,0.1,5060,226,506,128,0.5663716814159292,0.25296442687747034,0.04466403162055336,5.663716814159292,0.8616865324687797,0.8288198682613847,10031422.0,11641614.0,4658.15,5620.22
2022,component_transition_score,adverse weather,0.05,2096,98,105,37,0.37755102040816324,0.3523809523809524,0.046755725190839696,7.536637512147717,0.23619523387104951,0.4489274044608609,395931.0,1676287.0,474.0,1055.8500000000001
2022,component_transition_score,adverse weather,0.1,2096,98,210,56,0.5714285714285714,0.26666666666666666,0.046755725190839696,5.703401360544217,0.2370101301268816,0.5412700667708481,397297.0,1676287.0,571.5,1055.8500000000001
2022,component_transition_score,high wind,0.05,78,4,4,0,0.0,0.0,0.05128205128205128,0.0,0.0,0.0,0.0,1649.0,0.0,2.0
2022,component_transition_score,high wind,0.1,78,4,8,1,0.25,0.125,0.05128205128205128,2.4375,0.0,1.0,0.0,1649.0,2.0,2.0
2022,component_transition_score,low visibility,0.05,166,13,9,6,0.46153846153846156,0.6666666666666666,0.0783132530120482,8.512820512820513,0.35714285714285715,0.3210702341137124,5495.0,15386.0,24.0,74.75
2022,component_transition_score,low visibility,0.1,166,13,17,8,0.6153846153846154,0.47058823529411764,0.0783132530120482,6.009049773755656,0.35714285714285715,0.3277591973244147,5495.0,15386.0,24.5,74.75
2022,component_transition_score,precipitation,0.05,609,35,31,11,0.3142857142857143,0.3548387096774194,0.05747126436781609,6.174193548387097,0.2084425852031486,0.34777651083238315,313215.0,1502644.0,152.5,438.5
2022,component_transition_score,precipitation,0.1,609,35,61,18,0.5142857142857142,0.29508196721311475,0.05747126436781609,5.134426229508197,0.20935164949249457,0.5575826681870011,314581.0,1502644.0,244.5,438.5
2022,component_transition_score,low ceiling,0.05,1853,84,93,33,0.39285714285714285,0.3548387096774194,0.04533189422558014,7.827572964669739,0.6893165175788935,0.5427377340127096,395931.0,574382.0,474.0,873.3500000000001
2022,component_transition_score,low ceiling,0.1,1853,84,186,50,0.5952380952380952,0.26881720430107525,0.04533189422558014,5.929979518689195,0.68950802775853,0.6520867922367892,396041.0,574382.0,569.5,873.3500000000001
2022,weather_severity_only,all matched,0.05,7156,324,358,21,0.06481481481481481,0.05865921787709497,0.045276690888764674,1.2955721084212704,0.007768491446212132,0.03628631814825188,103460.0,13317901.0,242.25,6676.0700000000015
2022,weather_severity_only,all matched,0.1,7156,324,716,42,0.12962962962962962,0.05865921787709497,0.045276690888764674,1.2955721084212704,0.031699439724022574,0.05126519044887185,422170.0,13317901.0,342.25,6676.0700000000015
2022,component_weather_transition_score,all matched,0.05,7156,324,358,126,0.3888888888888889,0.35195530726256985,0.045276690888764674,7.773432650527623,0.7250583256325452,0.6658258526348586,9656255.0,13317901.0,4445.1,6676.07
2022,component_weather_transition_score,all matched,0.1,7156,324,716,172,0.5308641975308642,0.24022346368715083,0.045276690888764674,5.305676253534727,0.7977156460316082,0.7725578072129261,10623898.0,13317901.0,5157.65,6676.07
2023,component_transition_score,all matched,0.05,7500,267,375,109,0.40823970037453183,0.2906666666666667,0.0356,8.164794007490638,0.8102907261926369,0.5520391967256515,10960515.0,13526645.0,4441.47,8045.570000000001
2023,component_transition_score,all matched,0.1,7500,267,750,153,0.5730337078651685,0.204,0.0356,5.730337078651685,0.8986482605257993,0.8424412440635032,12155696.0,13526645.0,6777.92,8045.570000000001
2023,component_transition_score,normal weather,0.05,5274,180,264,71,0.39444444444444443,0.2689393939393939,0.034129692832764506,7.8799242424242415,0.6686997078571062,0.529210751941391,2518071.0,3765623.0,3444.2200000000003,6508.220000000001
2023,component_transition_score,normal weather,0.1,5274,180,528,101,0.5611111111111111,0.19128787878787878,0.034129692832764506,5.604734848484848,0.7616067779488281,0.8649784426463764,2867924.0,3765623.0,5629.47,6508.220000000001
2023,component_transition_score,adverse weather,0.05,2226,87,112,37,0.42528735632183906,0.33035714285714285,0.03908355795148248,8.452586206896552,0.8623282480051782,0.6398998276254594,8417205.0,9761022.0,983.75,1537.3500000000001
2023,component_transition_score,adverse weather,0.1,2226,87,223,55,0.632183908045977,0.24663677130044842,0.03908355795148248,6.310499458790783,0.9515163473660853,0.7491787816697564,9287772.0,9761022.0,1151.75,1537.3500000000001
2023,component_transition_score,high wind,0.05,39,4,2,2,0.5,1.0,0.10256410256410256,9.75,1.0,0.9891435464414957,3168.0,3168.0,41.0,41.45
2023,component_transition_score,high wind,0.1,39,4,4,2,0.5,0.5,0.10256410256410256,4.875,1.0,0.9891435464414957,3168.0,3168.0,41.0,41.45
2023,component_transition_score,low visibility,0.05,188,12,10,4,0.3333333333333333,0.4,0.06382978723404255,6.2666666666666675,0.0,0.31496062992125984,0.0,211.0,6.0,19.05
2023,component_transition_score,low visibility,0.1,188,12,19,8,0.6666666666666666,0.42105263157894735,0.06382978723404255,6.5964912280701755,0.0,0.48556430446194226,0.0,211.0,9.25,19.05
2023,component_transition_score,precipitation,0.05,614,23,31,13,0.5652173913043478,0.41935483870967744,0.03745928338762215,11.194950911640953,0.8474843890110207,0.718636523368865,7500386.0,8850176.0,306.75,426.84999999999997
2023,component_transition_score,precipitation,0.1,614,23,62,16,0.6956521739130435,0.25806451612903225,0.03745928338762215,6.889200561009817,0.9560772576726158,0.8428019210495491,8461452.0,8850176.0,359.75,426.84999999999997
2023,component_transition_score,low ceiling,0.05,1964,77,99,31,0.4025974025974026,0.31313131313131315,0.03920570264765784,7.986881805063624,0.9290566662555154,0.6416272605854961,7765653.0,8358643.0,888.75,1385.15
2023,component_transition_score,low ceiling,0.1,1964,77,197,49,0.6363636363636364,0.24873096446700507,0.03920570264765784,6.344254730041532,0.9434969288675207,0.7253727033173302,7886354.0,8358643.0,1004.75,1385.15
2023,weather_severity_only,all matched,0.05,7500,267,375,22,0.08239700374531835,0.058666666666666666,0.0356,1.647940074906367,0.5508361459918554,0.039294916332839054,7450965.0,13526645.0,316.15,8045.5700000000015
2023,weather_severity_only,all matched,0.1,7500,267,750,36,0.1348314606741573,0.048,0.0356,1.348314606741573,0.5514396955046872,0.04601911362401917,7459129.0,13526645.0,370.25,8045.5700000000015
2023,component_weather_transition_score,all matched,0.05,7500,267,375,99,0.3707865168539326,0.264,0.0356,7.415730337078652,0.7889684396980922,0.4675206355795798,10672096.0,13526645.0,3761.4700000000003,8045.570000000001
2023,component_weather_transition_score,all matched,0.1,7500,267,750,148,0.5543071161048689,0.19733333333333333,0.0356,5.543071161048689,0.9055768078485094,0.8449643716977169,12249416.0,13526645.0,6798.22,8045.570000000001
2024,component_transition_score,all matched,0.05,9320,336,466,155,0.46130952380952384,0.33261802575107297,0.036051502145922745,9.226190476190476,0.963320715993641,0.5768248842374895,23773029.0,24678208.0,5458.69,9463.339999999993
2024,component_transition_score,all matched,0.1,9320,336,932,211,0.6279761904761905,0.22639484978540772,0.036051502145922745,6.279761904761905,0.9814059432516332,0.7381262852227654,24219340.0,24678208.0,6985.139999999999,9463.339999999993
2024,component_transition_score,normal weather,0.05,6533,210,327,94,0.44761904761904764,0.2874617737003058,0.03214449716822287,8.942798893257608,0.9674232184957102,0.47287452817221587,14428473.0,14914334.0,2683.44,5674.74
2024,component_transition_score,normal weather,0.1,6533,210,654,127,0.6047619047619047,0.19418960244648317,0.03214449716822287,6.041146060870831,0.9836267579899981,0.6524422264279949,14670138.0,14914334.0,3702.4399999999996,5674.74
2024,component_transition_score,adverse weather,0.05,2787,126,140,62,0.49206349206349204,0.44285714285714284,0.04520990312163617,9.795578231292517,0.957054136503605,0.7309428284854562,9344556.0,9763874.0,2769.25,3788.600000000001
2024,component_transition_score,adverse weather,0.1,2787,126,279,85,0.6746031746031746,0.3046594982078853,0.04520990312163617,6.738777948455367,0.9973129518058098,0.8970991923137832,9737638.0,9763874.0,3398.75,3788.600000000001
2024,component_transition_score,high wind,0.05,107,9,6,5,0.5555555555555556,0.8333333333333334,0.08411214953271028,9.907407407407408,0.99722237821446,0.9948013930247818,692550.0,694479.0,1971.0,1981.3
2024,component_transition_score,high wind,0.1,107,9,11,6,0.6666666666666666,0.5454545454545454,0.08411214953271028,6.484848484848484,0.99722237821446,0.9948013930247818,692550.0,694479.0,1971.0,1981.3
2024,component_transition_score,low visibility,0.05,235,14,12,6,0.42857142857142855,0.5,0.059574468085106386,8.392857142857142,1.0,0.19083969465648856,1026.0,1026.0,25.0,131.0
2024,component_transition_score,low visibility,0.1,235,14,24,7,0.5,0.2916666666666667,0.059574468085106386,4.895833333333333,1.0,0.1984732824427481,1026.0,1026.0,26.0,131.0
2024,component_transition_score,precipitation,0.05,723,31,37,16,0.5161290322580645,0.43243243243243246,0.042876901798063624,10.085440278988667,0.702063704229916,0.7455218831238204,901315.0,1283808.0,2093.5,2808.1
2024,component_transition_score,precipitation,0.1,723,31,73,22,0.7096774193548387,0.3013698630136986,0.042876901798063624,7.028722934158196,0.9997600887360104,0.9495744453545102,1283500.0,1283808.0,2666.5,2808.1
2024,component_transition_score,low ceiling,0.05,2501,115,126,55,0.4782608695652174,0.4365079365079365,0.045981607357057176,9.493098688750862,0.9630684602612065,0.4920162889138938,9344556.0,9702899.0,918.25,1866.3
2024,component_transition_score,low ceiling,0.1,2501,115,251,77,0.6695652173913044,0.30677290836653387,0.045981607357057176,6.671643859345228,0.9975001285698223,0.8167229277179446,9678643.0,9702899.0,1524.25,1866.3
2024,weather_severity_only,all matched,0.05,9320,336,466,25,0.0744047619047619,0.0536480686695279,0.036051502145922745,1.4880952380952381,0.041345425081107993,0.28492054602286293,1020331.0,24678208.0,2696.3,9463.340000000002
2024,weather_severity_only,all matched,0.1,9320,336,932,42,0.125,0.045064377682403435,0.036051502145922745,1.25,0.04968541475945093,0.303840927199065,1226147.0,24678208.0,2875.3500000000004,9463.340000000002
2024,component_weather_transition_score,all matched,0.05,9320,336,466,141,0.41964285714285715,0.30257510729613735,0.036051502145922745,8.392857142857144,0.9654803541650998,0.5468935914803867,23826325.0,24678208.0,5175.4400000000005,9463.339999999995
2024,component_weather_transition_score,all matched,0.1,9320,336,932,201,0.5982142857142857,0.21566523605150215,0.036051502145922745,5.982142857142858,0.989166393281068,0.7242569748101626,24410854.0,24678208.0,6853.89,9463.339999999995
2025,component_transition_score,all matched,0.05,10174,377,509,148,0.3925729442970822,0.2907662082514735,0.037055238844112444,7.846831307030481,0.695254315689167,0.5323982295917078,11011255.0,15837737.0,4836.79,9084.909999999996
2025,component_transition_score,all matched,0.1,10174,377,1018,214,0.5676392572944297,0.21021611001964635,0.037055238844112444,5.673046958461225,0.778624244107602,0.6127512545528796,12331646.0,15837737.0,5566.789999999999,9084.909999999996
2025,component_transition_score,normal weather,0.05,7168,262,359,107,0.4083969465648855,0.298050139275766,0.03655133928571429,8.154287779880498,0.7389888704503615,0.5590820765511768,10482314.0,14184671.0,4338.79,7760.559999999999
2025,component_transition_score,normal weather,0.1,7168,262,717,154,0.5877862595419847,0.21478382147838215,0.03655133928571429,5.876223024263524,0.7587546443622133,0.6140136794251961,10762685.0,14184671.0,4765.089999999999,7760.559999999999
2025,component_transition_score,adverse weather,0.05,3006,115,151,41,0.3565217391304348,0.271523178807947,0.03825681969394544,7.097379786927728,0.3199757299466567,0.37527843847925385,528941.0,1653066.0,497.0,1324.3500000000004
2025,component_transition_score,adverse weather,0.1,3006,115,301,59,0.5130434782608696,0.19601328903654486,0.03825681969394544,5.123616929076991,0.9491218136480939,0.6053535696756899,1568961.0,1653066.0,801.7,1324.3500000000004
2025,component_transition_score,high wind,0.05,98,5,5,1,0.2,0.2,0.05102040816326531,3.92,0.0,0.12987012987012986,0.0,1850.0,1.0,7.7
2025,component_transition_score,high wind,0.1,98,5,10,2,0.4,0.2,0.05102040816326531,3.92,0.0,0.38961038961038963,0.0,1850.0,3.0,7.7
2025,component_transition_score,low visibility,0.05,200,8,10,2,0.25,0.2,0.04,5.0,0.9236111111111112,0.04524886877828054,266000.0,288000.0,5.0,110.5
2025,component_transition_score,low visibility,0.1,200,8,20,4,0.5,0.2,0.04,5.0,0.9236111111111112,0.049773755656108594,266000.0,288000.0,5.5,110.5
2025,component_transition_score,precipitation,0.05,807,21,41,10,0.47619047619047616,0.24390243902439024,0.026022304832713755,9.372822299651567,0.9060210087959317,0.2702062100023702,339400.0,374605.0,57.0,210.95
2025,component_transition_score,precipitation,0.1,807,21,81,12,0.5714285714285714,0.14814814814814814,0.026022304832713755,5.693121693121693,0.9160315532360753,0.2891680493007822,343150.0,374605.0,61.0,210.95
2025,component_transition_score,low ceiling,0.05,2671,101,134,34,0.33663366336633666,0.2537313432835821,0.037813552976413325,6.7100635436678004,0.32029565510378954,0.36728141274129755,528541.0,1650166.0,469.0,1276.9500000000003
2025,component_transition_score,low ceiling,0.1,2671,101,268,49,0.48514851485148514,0.1828358208955224,0.037813552976413325,4.835192847642974,0.9505473994737499,0.6027643995457926,1568561.0,1650166.0,769.7,1276.9500000000003
2025,weather_severity_only,all matched,0.05,10174,377,509,19,0.050397877984084884,0.03732809430255403,0.037055238844112444,1.0073634786052645,0.020391486485727094,0.018712348278629064,322955.0,15837737.0,170.0,9084.910000000002
2025,weather_severity_only,all matched,0.1,10174,377,1018,38,0.10079575596816977,0.03732809430255403,0.037055238844112444,1.0073634786052645,0.07654218528821384,0.05319260179792644,1212255.0,15837737.0,483.25,9084.910000000002
2025,component_weather_transition_score,all matched,0.05,10174,377,509,146,0.38726790450928383,0.2868369351669941,0.037055238844112444,7.740793046124663,0.7448097540702943,0.5338897138221513,11796101.0,15837737.0,4850.339999999999,9084.909999999996
2025,component_weather_transition_score,all matched,0.1,10174,377,1018,199,0.5278514588859416,0.19548133595284872,0.037055238844112444,5.275403480064411,0.9606409678352406,0.6006983008087038,15214379.0,15837737.0,5457.289999999999,9084.909999999996
