test_year,score,budget_share,test_component_records,target_records,selected_component_records,captured_target_records,capture_rate,selected_target_rate,overall_target_rate,lift,event_deduplicated_cost_capture,event_deduplicated_aos_capture,selected_event_deduplicated_cost,total_event_deduplicated_cost,selected_event_deduplicated_aos,total_event_deduplicated_aos
1995,hierarchical_review_rule,0.01,2573,588,26,18,0.030612244897959183,0.6923076923076923,0.22852701127089,3.029434850863422,0.002510557991664374,0.2795757410932826,126925.0,50556490.0,2570.0,9192.5
1995,hierarchical_review_rule,0.025,2573,588,65,49,0.08333333333333333,0.7538461538461538,0.22852701127089,3.2987179487179485,0.15257010524267012,0.3901006255099266,7713409.0,50556490.0,3586.0,9192.5
1995,hierarchical_review_rule,0.05,2573,588,129,98,0.16666666666666666,0.7596899224806202,0.22852701127089,3.3242894056847545,0.1758077548500697,0.48191460429698124,8888223.0,50556490.0,4430.0,9192.5
1995,hierarchical_review_rule,0.1,2573,588,258,172,0.2925170068027211,0.6666666666666666,0.22852701127089,2.9172335600907027,0.4876532765625145,0.5184661408757139,24654038.0,50556490.0,4766.0,9192.5
1995,hierarchical_review_rule,0.2,2573,588,515,311,0.5289115646258503,0.6038834951456311,0.22852701127089,2.6425037976355594,0.9747579786492298,0.8967092738645634,49280342.0,50556490.0,8243.0,9192.5
1995,historical_frequency,0.01,2573,588,26,1,0.0017006802721088435,0.038461538461538464,0.22852701127089,0.16830193615907904,0.0004590904154936389,0.0005439216752787598,23210.0,50556490.0,5.0,9192.5
1995,historical_frequency,0.025,2573,588,65,1,0.0017006802721088435,0.015384615384615385,0.22852701127089,0.0673207744636316,0.0004590904154936389,0.0005439216752787598,23210.0,50556490.0,5.0,9192.5
1995,historical_frequency,0.05,2573,588,129,24,0.04081632653061224,0.18604651162790697,0.22852701127089,0.8141116911881031,0.03387879577874176,0.025237965732934457,1712793.0,50556490.0,232.0,9192.5
1995,historical_frequency,0.1,2573,588,258,46,0.0782312925170068,0.17829457364341086,0.22852701127089,0.7801903707219322,0.03387879577874176,0.02817514277943976,1712793.0,50556490.0,259.0,9192.5
1995,historical_frequency,0.2,2573,588,515,75,0.12755102040816327,0.14563106796116504,0.22852701127089,0.6372597582722409,0.03387879577874176,0.033831928202338865,1712793.0,50556490.0,311.0,9192.5
1996,hierarchical_review_rule,0.01,2533,576,26,24,0.041666666666666664,0.9230769230769231,0.2273983418870904,4.059294871794872,0.021916936997200008,0.15902651285164945,236954.0,10811456.0,3143.0,19764.0
1996,hierarchical_review_rule,0.025,2533,576,64,56,0.09722222222222222,0.875,0.2273983418870904,3.847873263888889,0.10968809381456114,0.30626391418741145,1185888.0,10811456.0,6053.0,19764.0
1996,hierarchical_review_rule,0.05,2533,576,127,102,0.17708333333333334,0.8031496062992126,0.2273983418870904,3.531906167979003,0.17319452625067336,0.5474600283343453,1872485.0,10811456.0,10820.0,19764.0
1996,hierarchical_review_rule,0.1,2533,576,254,179,0.3107638888888889,0.7047244094488189,0.2273983418870904,3.0990745297462814,0.501038065548248,0.6932554138838292,5416951.0,10811456.0,13701.5,19764.0
1996,hierarchical_review_rule,0.2,2533,576,507,308,0.5347222222222222,0.6074950690335306,0.2273983418870904,2.6715017532325223,0.7696811604283457,0.836267961951022,8321374.0,10811456.0,16528.0,19764.0
1996,historical_frequency,0.01,2533,576,26,0,0.0,0.0,0.2273983418870904,0.0,0.0003788573897909773,0.00010119409026512852,4096.0,10811456.0,2.0,19764.0
1996,historical_frequency,0.025,2533,576,64,0,0.0,0.0,0.2273983418870904,0.0,0.0003788573897909773,0.00010119409026512852,4096.0,10811456.0,2.0,19764.0
1996,historical_frequency,0.05,2533,576,127,21,0.036458333333333336,0.16535433070866143,0.2273983418870904,0.7271571522309712,0.2636847432945202,0.016595830803481076,2850816.0,10811456.0,328.0,19764.0
1996,historical_frequency,0.1,2533,576,254,58,0.10069444444444445,0.2283464566929134,0.2273983418870904,1.0041694006999127,0.284938679859586,0.02947277878971868,3080602.0,10811456.0,582.5,19764.0
1996,historical_frequency,0.2,2533,576,507,99,0.171875,0.1952662721893491,0.2273983418870904,0.8586969921104537,0.29583082981607656,0.03362173649058895,3198362.0,10811456.0,664.5,19764.0
1997,hierarchical_review_rule,0.01,3246,701,33,29,0.04136947218259629,0.8787878787878788,0.2159581022797289,4.069251718324471,0.005227881173561283,0.050596726934896016,78679.0,15049883.0,2124.0,41979.0
1997,hierarchical_review_rule,0.025,3246,701,82,70,0.09985734664764621,0.8536585365853658,0.2159581022797289,3.9528896002226785,0.05216864476620848,0.2556278139069535,785132.0,15049883.0,10731.0,41979.0
1997,hierarchical_review_rule,0.05,3246,701,163,126,0.1797432239657632,0.7730061349693251,0.2159581022797289,3.579426410999186,0.47702158216113705,0.2904547511851164,7179119.0,15049883.0,12193.0,41979.0
1997,hierarchical_review_rule,0.1,3246,701,325,227,0.3238231098430813,0.6984615384615385,0.2159581022797289,3.2342455832327444,0.7078045058556269,0.4316920364944377,10652375.0,15049883.0,18122.0,41979.0
1997,hierarchical_review_rule,0.2,3246,701,650,395,0.5634807417974322,0.6076923076923076,0.2159581022797289,2.8139361351914847,0.8425664837394417,0.6813644917696944,12680527.0,15049883.0,28603.0,41979.0
1997,historical_frequency,0.01,3246,701,33,0,0.0,0.0,0.2159581022797289,0.0,0.0,4.7642869053574406e-05,0.0,15049883.0,2.0,41979.0
1997,historical_frequency,0.025,3246,701,82,1,0.0014265335235378032,0.012195121951219513,0.2159581022797289,0.05646985143175255,0.0,7.14643035803616e-05,0.0,15049883.0,3.0,41979.0
1997,historical_frequency,0.05,3246,701,163,38,0.05420827389443652,0.2331288343558282,0.2159581022797289,1.079509552523564,0.03458631538863126,0.0032158936611162725,520520.0,15049883.0,135.0,41979.0
1997,historical_frequency,0.1,3246,701,325,64,0.0912981455064194,0.19692307692307692,0.2159581022797289,0.9118577855810381,0.1010984603667683,0.0047642869053574404,1521520.0,15049883.0,200.0,41979.0
1997,historical_frequency,0.2,3246,701,650,84,0.11982881597717546,0.12923076923076923,0.2159581022797289,0.5984066717875562,0.14904879991425846,0.007170251792562948,2243167.0,15049883.0,301.0,41979.0
1998,hierarchical_review_rule,0.01,3348,720,34,32,0.044444444444444446,0.9411764705882353,0.21505376344086022,4.376470588235294,0.0027814469678419714,0.06599581141135005,104222.0,37470425.0,1615.0,24471.25
1998,hierarchical_review_rule,0.025,3348,720,84,75,0.10416666666666667,0.8928571428571429,0.21505376344086022,4.151785714285714,0.33621686970457365,0.3530265107013332,12598189.0,37470425.0,8639.0,24471.25
1998,hierarchical_review_rule,0.05,3348,720,168,146,0.20277777777777778,0.8690476190476191,0.21505376344086022,4.041071428571429,0.739150303205795,0.6750370332533074,27696276.0,37470425.0,16519.0,24471.25
1998,hierarchical_review_rule,0.1,3348,720,335,251,0.3486111111111111,0.7492537313432835,0.21505376344086022,3.4840298507462686,0.8311837669308528,0.7274250395872708,31144809.0,37470425.0,17801.0,24471.25
1998,hierarchical_review_rule,0.2,3348,720,670,435,0.6041666666666666,0.6492537313432836,0.21505376344086022,3.0190298507462687,0.9334437493036174,0.9067783623639986,34976534.0,37470425.0,22190.0,24471.25
1998,historical_frequency,0.01,3348,720,34,1,0.001388888888888889,0.029411764705882353,0.21505376344086022,0.13676470588235293,0.0,0.0,0.0,37470425.0,0.0,24471.25
1998,historical_frequency,0.025,3348,720,84,1,0.001388888888888889,0.011904761904761904,0.21505376344086022,0.055357142857142855,5.257479732348912e-06,4.086427951167186e-05,197.0,37470425.0,1.0,24471.25
1998,historical_frequency,0.05,3348,720,168,29,0.04027777777777778,0.17261904761904762,0.21505376344086022,0.8026785714285714,0.0013202946056790122,0.004086427951167186,49472.0,37470425.0,100.0,24471.25
1998,historical_frequency,0.1,3348,720,335,49,0.06805555555555555,0.14626865671641792,0.21505376344086022,0.6801492537313433,0.0013229366894023753,0.0044542064667722325,49571.0,37470425.0,109.0,24471.25
1998,historical_frequency,0.2,3348,720,670,75,0.10416666666666667,0.11194029850746269,0.21505376344086022,0.5205223880597015,0.008003325289211424,0.008009398784287684,299888.0,37470425.0,196.0,24471.25
1999,hierarchical_review_rule,0.01,4898,848,49,36,0.04245283018867924,0.7346938775510204,0.1731318905675786,4.243550250288795,0.09505803357798659,0.11350797320811384,2672378.0,28113121.0,4762.0,41953.0
1999,hierarchical_review_rule,0.025,4898,848,123,90,0.10613207547169812,0.7317073170731707,0.1731318905675786,4.226300046019328,0.16304899054075142,0.2171477605892308,4583816.0,28113121.0,9110.0,41953.0
1999,hierarchical_review_rule,0.05,4898,848,245,178,0.2099056603773585,0.726530612244898,0.1731318905675786,4.196399691952253,0.4038333915327295,0.4680952494458084,11353017.0,28113121.0,19638.0,41953.0
1999,hierarchical_review_rule,0.1,4898,848,490,313,0.36910377358490565,0.6387755102040816,0.1731318905675786,3.6895311898344243,0.6845267375329832,0.6690820680285081,19244183.0,28113121.0,28070.0,41953.0
1999,hierarchical_review_rule,0.2,4898,848,980,501,0.5908018867924528,0.5112244897959184,0.1731318905675786,2.952803715825953,0.8593623596611704,0.9469406240316545,24159358.0,28113121.0,39727.0,41953.0
1999,historical_frequency,0.01,4898,848,49,0,0.0,0.0,0.1731318905675786,0.0,0.0,4.7672395299501825e-05,0.0,28113121.0,2.0,41953.0
1999,historical_frequency,0.025,4898,848,123,3,0.003537735849056604,0.024390243902439025,0.1731318905675786,0.14087666820064426,0.0010287011534578462,0.0004290515576955164,28920.0,28113121.0,18.0,41953.0
1999,historical_frequency,0.05,4898,848,245,52,0.06132075471698113,0.21224489795918366,0.1731318905675786,1.2259145167500962,0.18868861980852286,0.010130384001144138,5304626.0,28113121.0,425.0,41953.0
1999,historical_frequency,0.1,4898,848,490,53,0.0625,0.10816326530612246,0.1731318905675786,0.6247448979591838,0.1887253642169434,0.010607107954139156,5305659.0,28113121.0,445.0,41953.0
1999,historical_frequency,0.2,4898,848,980,74,0.08726415094339622,0.07551020408163266,0.1731318905675786,0.43614266461301504,0.19133098029208498,0.013205253497962005,5378911.0,28113121.0,554.0,41953.0
2000,hierarchical_review_rule,0.01,5648,893,57,48,0.05375139977603583,0.8421052631578947,0.15810906515580736,5.326103612895621,0.0919199364676849,0.11212098747127289,3689627.0,40139573.0,7562.0,67445.0
2000,hierarchical_review_rule,0.025,5648,893,142,115,0.12877939529675253,0.8098591549295775,0.15810906515580736,5.122155103070833,0.39879362941902746,0.5166728445399955,16007406.0,40139573.0,34847.0,67445.0
2000,hierarchical_review_rule,0.05,5648,893,283,199,0.22284434490481522,0.7031802120141343,0.15810906515580736,4.447437667923662,0.4989298964391076,0.6412039439543331,20026833.0,40139573.0,43246.0,67445.0
2000,hierarchical_review_rule,0.1,5648,893,565,347,0.3885778275475924,0.6141592920353982,0.15810906515580736,3.8844027787412423,0.7375692312421959,0.7196530506338498,29605714.0,40139573.0,48537.0,67445.0
2000,hierarchical_review_rule,0.2,5648,893,1130,534,0.5979843225083986,0.4725663716814159,0.15810906515580736,2.98886323321012,0.8600908385348295,0.8918377937578768,34523679.0,40139573.0,60150.0,67445.0
2000,historical_frequency,0.01,5648,893,57,1,0.0011198208286674132,0.017543859649122806,0.15810906515580736,0.11096049193532544,0.0,0.0,0.0,40139573.0,0.0,67445.0
2000,historical_frequency,0.025,5648,893,142,3,0.0033594624860022394,0.02112676056338028,0.15810906515580736,0.13362143747141303,0.0006969431388819208,0.00019274964786122024,27975.0,40139573.0,13.0,67445.0
2000,historical_frequency,0.05,5648,893,283,9,0.010078387458006719,0.03180212014134275,0.15810906515580736,0.20114039704177367,0.0007387721837499368,0.0006375565275409593,29654.0,40139573.0,43.0,67445.0
2000,historical_frequency,0.1,5648,893,565,72,0.08062709966405375,0.12743362831858407,0.15810906515580736,0.8059855909780099,0.17731115375841192,0.00911854103343465,7117194.0,40139573.0,615.0,67445.0
2000,historical_frequency,0.2,5648,893,1130,110,0.12318029115341546,0.09734513274336283,0.15810906515580736,0.6156834375526464,0.1783076018272541,0.010927422344132257,7157191.0,40139573.0,737.0,67445.0
2001,hierarchical_review_rule,0.01,5379,777,54,43,0.055341055341055344,0.7962962962962963,0.14445064138315672,5.512584012584012,0.009662508088997896,0.22156755600959824,597561.0,61843260.0,9326.0,42091.0
2001,hierarchical_review_rule,0.025,5379,777,135,106,0.1364221364221364,0.7851851851851852,0.14445064138315672,5.435664235664236,0.1537641612036623,0.3856168777173267,9509277.0,61843260.0,16231.0,42091.0
2001,hierarchical_review_rule,0.05,5379,777,269,191,0.24581724581724582,0.7100371747211895,0.14445064138315672,4.9154310975872315,0.5681029913364851,0.48889311254187356,35133341.0,61843260.0,20578.0,42091.0
2001,hierarchical_review_rule,0.1,5379,777,538,325,0.41827541827541825,0.604089219330855,0.14445064138315672,4.18197671915144,0.8334213138181913,0.6513268869829655,51541491.0,61843260.0,27415.0,42091.0
2001,hierarchical_review_rule,0.2,5379,777,1076,496,0.6383526383526383,0.46096654275092935,0.14445064138315672,3.1911699272294065,0.9718546208592497,0.9541232092371291,60102658.0,61843260.0,40160.0,42091.0
2001,historical_frequency,0.01,5379,777,54,0,0.0,0.0,0.14445064138315672,0.0,2.9332218256282093e-05,0.00011879024019386567,1814.0,61843260.0,5.0,42091.0
2001,historical_frequency,0.025,5379,777,135,0,0.0,0.0,0.14445064138315672,0.0,3.3730434003640816e-05,0.00016630633627141194,2086.0,61843260.0,7.0,42091.0
2001,historical_frequency,0.05,5379,777,269,20,0.02574002574002574,0.07434944237918216,0.14445064138315672,0.514704826972485,4.839654313178186e-05,0.0009740799695896986,2993.0,61843260.0,41.0,42091.0
2001,historical_frequency,0.1,5379,777,538,46,0.059202059202059204,0.08550185873605948,0.14445064138315672,0.5919105510183577,0.0006788290268009804,0.005416834952840274,41981.0,61843260.0,228.0,42091.0
2001,historical_frequency,0.2,5379,777,1076,76,0.0978120978120978,0.07063197026022305,0.14445064138315672,0.4889695856238608,0.0046381610542523145,0.0062958827302748805,286839.0,61843260.0,265.0,42091.0
2002,hierarchical_review_rule,0.01,5710,787,58,44,0.05590851334180432,0.7586206896551724,0.13782837127845884,5.504096744512115,0.2163274708123704,0.388357967199838,8222075.0,38007540.0,19181.0,49390.0
2002,hierarchical_review_rule,0.025,5710,787,143,94,0.11944091486658195,0.6573426573426573,0.13782837127845884,4.7692840831341465,0.5390432003755045,0.6586353512856854,20487706.0,38007540.0,32530.0,49390.0
2002,hierarchical_review_rule,0.05,5710,787,286,184,0.2337992376111817,0.6433566433566433,0.13782837127845884,4.667809953705761,0.6822981439998484,0.7786191536748329,25932474.0,38007540.0,38456.0,49390.0
2002,hierarchical_review_rule,0.1,5710,787,571,322,0.409148665819568,0.563922942206655,0.13782837127845884,4.09148665819568,0.8635214223283064,0.8231828305324964,32820325.0,38007540.0,40657.0,49390.0
2002,hierarchical_review_rule,0.2,5710,787,1142,506,0.6429479034307497,0.44308231173380036,0.13782837127845884,3.2147395171537485,0.9197007225408432,0.9296821218870217,34955562.0,38007540.0,45917.0,49390.0
2002,historical_frequency,0.01,5710,787,58,15,0.01905972045743329,0.25862068965517243,0.13782837127845884,1.8763966174473121,0.0,0.0,0.0,38007540.0,0.0,49390.0
2002,historical_frequency,0.025,5710,787,143,32,0.04066073697585769,0.22377622377622378,0.13782837127845884,1.6235860708541776,0.0005889357743226739,0.0007491395019234663,22384.0,38007540.0,37.0,49390.0
2002,historical_frequency,0.05,5710,787,286,43,0.054637865311308764,0.15034965034965034,0.13782837127845884,1.0908468913551506,0.0005983286474210117,0.0010528447054059527,22741.0,38007540.0,52.0,49390.0
2002,historical_frequency,0.1,5710,787,571,65,0.08259212198221093,0.1138353765323993,0.13782837127845884,0.8259212198221092,0.0070684132674727175,0.0012958088681919416,268653.0,38007540.0,64.0,49390.0
2002,historical_frequency,0.2,5710,787,1142,91,0.1156289707750953,0.0796847635726795,0.13782837127845884,0.5781448538754764,0.007138872970994702,0.002510629682121887,271331.0,38007540.0,124.0,49390.0
2003,hierarchical_review_rule,0.01,5953,758,60,44,0.05804749340369393,0.7333333333333333,0.1273307576012095,5.759278803869832,0.05319750138684035,0.12457519116397621,2159791.0,40599482.0,4692.0,37664.0
2003,hierarchical_review_rule,0.025,5953,758,149,97,0.1279683377308707,0.6510067114093959,0.1273307576012095,5.11272157390519,0.24616087466337624,0.20127973661852167,9994004.0,40599482.0,7581.0,37664.0
2003,hierarchical_review_rule,0.05,5953,758,298,173,0.22823218997361477,0.5805369127516778,0.1273307576012095,4.559282640647411,0.46712768404286537,0.5367725148683092,18965142.0,40599482.0,20217.0,37664.0
2003,hierarchical_review_rule,0.1,5953,758,596,307,0.4050131926121372,0.5151006711409396,0.1273307576012095,4.045375059765189,0.6149224268427859,0.6837563721325404,24965532.0,40599482.0,25753.0,37664.0
2003,hierarchical_review_rule,0.2,5953,758,1191,440,0.5804749340369393,0.3694374475230898,0.1273307576012095,2.9013999011938703,0.6399900126804573,0.7513009770603228,25983263.0,40599482.0,28297.0,37664.0
2003,historical_frequency,0.01,5953,758,60,9,0.011873350923482849,0.15,0.1273307576012095,1.1780343007915566,0.0012155081190444745,0.00047790994052676297,49349.0,40599482.0,18.0,37664.0
2003,historical_frequency,0.025,5953,758,149,25,0.032981530343007916,0.16778523489932887,0.1273307576012095,1.317711745851853,0.06280801809244758,0.0007434154630416313,2549973.0,40599482.0,28.0,37664.0
2003,historical_frequency,0.05,5953,758,298,37,0.048812664907651716,0.12416107382550336,0.1273307576012095,0.9751066919303712,0.0700965839908992,0.002336448598130841,2845885.0,40599482.0,88.0,37664.0
2003,historical_frequency,0.1,5953,758,596,57,0.07519788918205805,0.09563758389261745,0.1273307576012095,0.7510956951355562,0.07894581019531234,0.0044339422259983005,3205159.0,40599482.0,167.0,37664.0
2003,historical_frequency,0.2,5953,758,1191,66,0.0870712401055409,0.055415617128463476,0.1273307576012095,0.43520998517908055,0.08157153335109053,0.01239910790144435,3311762.0,40599482.0,467.0,37664.0
2004,hierarchical_review_rule,0.01,6550,748,66,53,0.07085561497326204,0.803030303030303,0.11419847328244274,7.031883001134338,0.0615796303863681,0.3369061601205945,1977263.0,32109043.0,18215.0,54065.5
2004,hierarchical_review_rule,0.025,6550,748,164,121,0.16176470588235295,0.7378048780487805,0.11419847328244274,6.460724533715926,0.19944773813408267,0.553735746455688,6404076.0,32109043.0,29938.0,54065.5
2004,hierarchical_review_rule,0.05,6550,748,328,218,0.2914438502673797,0.6646341463414634,0.11419847328244274,5.819991522107735,0.32206001904198767,0.7207183878813661,10341039.0,32109043.0,38966.0,54065.5
2004,hierarchical_review_rule,0.1,6550,748,655,370,0.4946524064171123,0.5648854961832062,0.11419847328244274,4.946524064171124,0.7071053472381597,0.8174159121805957,22704476.0,32109043.0,44194.0,54065.5
2004,hierarchical_review_rule,0.2,6550,748,1310,504,0.6737967914438503,0.3847328244274809,0.11419847328244274,3.3689839572192515,0.9343202474144122,0.9053832850893824,30000129.0,32109043.0,48950.0,54065.5
2004,historical_frequency,0.01,6550,748,66,15,0.020053475935828877,0.22727272727272727,0.11419847328244274,1.9901555663587749,0.02374925967117737,0.0010542767568967272,762566.0,32109043.0,57.0,54065.5
2004,historical_frequency,0.025,6550,748,164,31,0.04144385026737968,0.18902439024390244,0.11419847328244274,1.6552269466544933,0.027264562198256733,0.0013132219252573268,875439.0,32109043.0,71.0,54065.5
2004,historical_frequency,0.05,6550,748,328,52,0.06951871657754011,0.15853658536585366,0.11419847328244274,1.3882548584844139,0.03640731366549915,0.0013687101756203123,1169004.0,32109043.0,74.0,54065.5
2004,historical_frequency,0.1,6550,748,655,70,0.09358288770053476,0.10687022900763359,0.11419847328244274,0.9358288770053476,0.07479986245619341,0.0021640417641564397,2401752.0,32109043.0,117.0,54065.5
2004,historical_frequency,0.2,6550,748,1310,78,0.10427807486631016,0.059541984732824425,0.11419847328244274,0.5213903743315508,0.07828735350349744,0.0029223811857839103,2513732.0,32109043.0,158.0,54065.5
2005,hierarchical_review_rule,0.01,6927,726,70,57,0.07851239669421488,0.8142857142857143,0.10480727587700303,7.769362455726092,0.003964064925313591,0.37377949199068766,365367.0,92169782.0,10757.0,28779.0
2005,hierarchical_review_rule,0.025,6927,726,174,130,0.1790633608815427,0.7471264367816092,0.10480727587700303,7.128574142680725,0.37708082026276246,0.6070746030091386,34755457.0,92169782.0,17471.0,28779.0
2005,hierarchical_review_rule,0.05,6927,726,347,228,0.3140495867768595,0.6570605187319885,0.10480727587700303,6.269226189058518,0.39444229129238906,0.6967928003057785,36355660.0,92169782.0,20053.0,28779.0
2005,hierarchical_review_rule,0.1,6927,726,693,381,0.5247933884297521,0.5497835497835498,0.10480727587700303,5.245662051447176,0.6895742576455264,0.8666736161784635,63557909.0,92169782.0,24942.0,28779.0
2005,hierarchical_review_rule,0.2,6927,726,1386,514,0.7079889807162535,0.3708513708513709,0.10480727587700303,3.5384124599000635,0.8911232208404268,0.9562875707981514,82134633.0,92169782.0,27521.0,28779.0
2005,historical_frequency,0.01,6927,726,70,15,0.02066115702479339,0.21428571428571427,0.10480727587700303,2.04456906729634,0.003296232164246629,0.004899405816741374,303813.0,92169782.0,141.0,28779.0
2005,historical_frequency,0.025,6927,726,174,24,0.03305785123966942,0.13793103448275862,0.10480727587700303,1.3160444571102878,0.04520265654962708,0.006706278883908405,4166319.0,92169782.0,193.0,28779.0
2005,historical_frequency,0.05,6927,726,347,31,0.04269972451790634,0.0893371757925072,0.10480727587700303,0.8523947888632195,0.045208450205513125,0.007366482504604052,4166853.0,92169782.0,212.0,28779.0
2005,historical_frequency,0.1,6927,726,693,43,0.05922865013774105,0.06204906204906205,0.10480727587700303,0.592030100294563,0.048327672078035296,0.010389520136210431,4454351.0,92169782.0,299.0,28779.0
2005,historical_frequency,0.2,6927,726,1386,68,0.09366391184573003,0.049062049062049064,0.10480727587700303,0.46811682348872435,0.04982980213623593,0.012439626116265333,4592802.0,92169782.0,358.0,28779.0
2006,hierarchical_review_rule,0.01,6752,696,68,51,0.07327586206896551,0.75,0.10308056872037914,7.275862068965518,0.02045298274792377,0.08906601529857942,1025548.0,50141733.0,3464.0,38892.5
2006,hierarchical_review_rule,0.025,6752,696,169,114,0.16379310344827586,0.6745562130177515,0.10308056872037914,6.543970618241175,0.24335365512795498,0.25555055601979815,12202174.0,50141733.0,9939.0,38892.5
2006,hierarchical_review_rule,0.05,6752,696,338,210,0.3017241379310345,0.621301775147929,0.10308056872037914,6.027341358906345,0.4304817904877759,0.7744423732082021,21585103.0,50141733.0,30120.0,38892.5
2006,hierarchical_review_rule,0.1,6752,696,676,347,0.4985632183908046,0.5133136094674556,0.10308056872037914,4.979732027477386,0.6195082248154447,0.8654882046667095,31063216.0,50141733.0,33661.0,38892.5
2006,hierarchical_review_rule,0.2,6752,696,1351,493,0.7083333333333334,0.3649148778682457,0.10308056872037914,3.540093757710338,0.9485904087120404,0.9251912322427204,47563967.0,50141733.0,35983.0,38892.5
2006,historical_frequency,0.01,6752,696,68,0,0.0,0.0,0.10308056872037914,0.0,0.0,3.856784727132481e-05,0.0,50141733.0,1.5,38892.5
2006,historical_frequency,0.025,6752,696,169,1,0.0014367816091954023,0.005917159763313609,0.10308056872037914,0.05740325103720329,0.0,0.0006556534036125217,0.0,50141733.0,25.5,38892.5
2006,historical_frequency,0.05,6752,696,338,25,0.035919540229885055,0.07396449704142012,0.10308056872037914,0.7175406379650412,0.03582133868408577,0.0015041460435816674,1796144.0,50141733.0,58.5,38892.5
2006,historical_frequency,0.1,6752,696,676,48,0.06896551724137931,0.07100591715976332,0.10308056872037914,0.6888390124464395,0.04066574643520997,0.001966960210837565,2039051.0,50141733.0,76.5,38892.5
2006,historical_frequency,0.2,6752,696,1351,59,0.08477011494252873,0.043671354552183565,0.10308056872037914,0.42366233611543597,0.08198795203189327,0.003818216879861156,4111018.0,50141733.0,148.5,38892.5
2007,hierarchical_review_rule,0.01,6847,672,69,55,0.0818452380952381,0.7971014492753623,0.09814517306849715,8.1216571773637,0.037155813720212406,0.1736470197023859,1712798.0,46097712.0,10444.0,60145.0
2007,hierarchical_review_rule,0.025,6847,672,172,128,0.19047619047619047,0.7441860465116279,0.09814517306849715,7.58250276854928,0.17388236101609555,0.37176822678526894,8015579.0,46097712.0,22360.0,60145.0
2007,hierarchical_review_rule,0.05,6847,672,343,223,0.3318452380952381,0.6501457725947521,0.09814517306849715,6.624327537137304,0.713933980063913,0.6879707373846538,32910723.0,46097712.0,41378.0,60145.0
2007,hierarchical_review_rule,0.1,6847,672,685,347,0.5163690476190477,0.5065693430656935,0.09814517306849715,5.161429005908933,0.8322657749260961,0.827333942971153,38365548.0,46097712.0,49760.0,60145.0
2007,hierarchical_review_rule,0.2,6847,672,1370,478,0.7113095238095238,0.34890510948905107,0.09814517306849715,3.5549900069516855,0.9611936488301198,0.9687089533627068,44308828.0,46097712.0,58263.0,60145.0
2007,historical_frequency,0.01,6847,672,69,2,0.002976190476190476,0.028985507246376812,0.09814517306849715,0.2953329882677709,0.0,3.32529719843711e-05,0.0,46097712.0,2.0,60145.0
2007,historical_frequency,0.025,6847,672,172,5,0.00744047619047619,0.029069767441860465,0.09814517306849715,0.29619151439645625,0.00027721549390564114,0.00011638540194529887,12779.0,46097712.0,7.0,60145.0
2007,historical_frequency,0.05,6847,672,343,16,0.023809523809523808,0.04664723032069971,0.09814517306849715,0.47528807441343884,0.008395991540751524,0.0013966248233435864,387036.0,46097712.0,84.0,60145.0
2007,historical_frequency,0.1,6847,672,685,23,0.03422619047619048,0.033576642335766425,0.09814517306849715,0.3421120090371915,0.021388523577916405,0.0021614431789841217,985962.0,46097712.0,130.0,60145.0
2007,historical_frequency,0.2,6847,672,1370,54,0.08035714285714286,0.03941605839416058,0.09814517306849715,0.40160974973931174,0.024273786082918823,0.0057361376673040155,1118966.0,46097712.0,345.0,60145.0
2008,hierarchical_review_rule,0.01,6390,628,64,54,0.08598726114649681,0.84375,0.09827856025039124,8.585290605095542,0.5253686910537866,0.5318309466892566,14021037.0,26687995.0,22915.0,43087.0
2008,hierarchical_review_rule,0.025,6390,628,160,117,0.18630573248407642,0.73125,0.09827856025039124,7.4405851910828025,0.6965245984196266,0.625873233225799,18588845.0,26687995.0,26967.0,43087.0
2008,hierarchical_review_rule,0.05,6390,628,320,210,0.3343949044585987,0.65625,0.09827856025039124,6.677448248407643,0.7437787664453624,0.7812797363473901,19849964.0,26687995.0,33663.0,43087.0
2008,hierarchical_review_rule,0.1,6390,628,639,339,0.5398089171974523,0.5305164319248826,0.09827856025039124,5.398089171974522,0.8578237143704501,0.881611622995335,22893595.0,26687995.0,37986.0,43087.0
2008,hierarchical_review_rule,0.2,6390,628,1278,473,0.7531847133757962,0.3701095461658842,0.09827856025039124,3.765923566878981,0.9476246529572566,0.9529324390187296,25290202.0,26687995.0,41059.0,43087.0
2008,historical_frequency,0.01,6390,628,64,1,0.0015923566878980893,0.015625,0.09827856025039124,0.15898686305732485,1.6786573888371908e-05,4.641771299928053e-05,448.0,26687995.0,2.0,43087.0
2008,historical_frequency,0.025,6390,628,160,3,0.004777070063694267,0.01875,0.09827856025039124,0.1907842356687898,0.0008699042397152727,0.00011604428249820131,23216.0,26687995.0,5.0,43087.0
2008,historical_frequency,0.05,6390,628,320,3,0.004777070063694267,0.009375,0.09827856025039124,0.0953921178343949,0.001177383314108085,0.0005338036994917261,31422.0,26687995.0,23.0,43087.0
2008,historical_frequency,0.1,6390,628,639,12,0.01910828025477707,0.018779342723004695,0.09827856025039124,0.1910828025477707,0.007895385172246923,0.0032492399099496366,210712.0,26687995.0,140.0,43087.0
2008,historical_frequency,0.2,6390,628,1278,27,0.042993630573248405,0.02112676056338028,0.09827856025039124,0.21496815286624205,0.014290657653375609,0.00710191008888992,381389.0,26687995.0,306.0,43087.0
2009,hierarchical_review_rule,0.01,8623,745,87,66,0.08859060402684564,0.7586206896551724,0.08639684564536704,8.78065262670678,0.599137674082792,0.40195771150276055,59518992.0,99341094.0,16672.0,41477.0
2009,hierarchical_review_rule,0.025,8623,745,216,149,0.2,0.6898148148148148,0.08639684564536704,7.984259259259259,0.8235368235425311,0.5519685608891675,81811049.0,99341094.0,22894.0,41477.0
2009,hierarchical_review_rule,0.05,8623,745,432,265,0.35570469798657717,0.6134259259259259,0.08639684564536704,7.1000963211533685,0.8519223474627731,0.6252380837572631,84630898.0,99341094.0,25933.0,41477.0
2009,hierarchical_review_rule,0.1,8623,745,863,402,0.5395973154362416,0.46581691772885286,0.08639684564536704,5.391596351108588,0.9051251640131928,0.8641054078163801,89916124.0,99341094.0,35840.5,41477.0
2009,hierarchical_review_rule,0.2,8623,745,1725,536,0.7194630872483222,0.31072463768115943,0.08639684564536704,3.5964812761404534,0.9814105228194889,0.9366275285097765,97494395.0,99341094.0,38848.5,41477.0
2009,historical_frequency,0.01,8623,745,87,2,0.0026845637583892616,0.022988505747126436,0.08639684564536704,0.26608038262747824,0.00011235028275408362,0.0002893169708513152,11161.0,99341094.0,12.0,41477.0
2009,historical_frequency,0.025,8623,745,216,3,0.004026845637583893,0.013888888888888888,0.08639684564536704,0.16075689783743474,0.0001168801301906339,0.000699182679557345,11611.0,99341094.0,29.0,41477.0
2009,historical_frequency,0.05,8623,745,432,7,0.009395973154362415,0.016203703703703703,0.08639684564536704,0.18754971414367388,0.00012290986044506414,0.0008197314174120596,12210.0,99341094.0,34.0,41477.0
2009,historical_frequency,0.1,8623,745,863,9,0.012080536912751677,0.010428736964078795,0.08639684564536704,0.1207073809949684,0.00015090431760294486,0.001760011572678834,14991.0,99341094.0,73.0,41477.0
2009,historical_frequency,0.2,8623,745,1725,37,0.049664429530201344,0.021449275362318842,0.08639684564536704,0.24826456570372535,0.01598413039421531,0.015020372736697447,1587881.0,99341094.0,623.0,41477.0
2010,hierarchical_review_rule,0.01,8342,730,84,64,0.08767123287671233,0.7619047619047619,0.08750899064972428,8.706588388780169,0.31298961532697156,0.25302376118720155,10218310.0,32647441.0,8849.0,34973.0
2010,hierarchical_review_rule,0.025,8342,730,209,143,0.1958904109589041,0.6842105263157895,0.08750899064972428,7.818745493871666,0.4257919632966026,0.5655505675807051,13901018.0,32647441.0,19779.0,34973.0
2010,hierarchical_review_rule,0.05,8342,730,418,245,0.3356164383561644,0.5861244019138756,0.08750899064972428,6.6978763846103435,0.5228521279814856,0.6974523203614217,17069784.0,32647441.0,24392.0,34973.0
2010,hierarchical_review_rule,0.1,8342,730,835,382,0.5232876712328767,0.45748502994011975,0.08750899064972428,5.227863177754081,0.5876262093558879,0.7878649243702285,19184492.0,32647441.0,27554.0,34973.0
2010,hierarchical_review_rule,0.2,8342,730,1669,528,0.7232876712328767,0.31635710005991613,0.08750899064972428,3.615138258492905,0.9548063200420517,0.952477625596889,31171983.0,32647441.0,33311.0,34973.0
2010,historical_frequency,0.01,8342,730,84,6,0.00821917808219178,0.07142857142857142,0.08750899064972428,0.8162426614481408,0.003248432243127417,0.003974494610127813,106053.0,32647441.0,139.0,34973.0
2010,historical_frequency,0.025,8342,730,209,8,0.010958904109589041,0.03827751196172249,0.08750899064972428,0.43741233532149176,0.003275540033903423,0.004060275069339205,106938.0,32647441.0,142.0,34973.0
2010,historical_frequency,0.05,8342,730,418,8,0.010958904109589041,0.019138755980861243,0.08750899064972428,0.21870616766074588,0.0033072117352168583,0.004603551311011351,107972.0,32647441.0,161.0,34973.0
2010,historical_frequency,0.1,8342,730,835,8,0.010958904109589041,0.009580838323353293,0.08750899064972428,0.10948404560741531,0.008126119287572953,0.006490721413661968,265297.0,32647441.0,227.0,34973.0
2010,historical_frequency,0.2,8342,730,1669,30,0.0410958904109589,0.017974835230677052,0.08750899064972428,0.20540558286891503,0.05761888045069137,0.01406799531066823,1881109.0,32647441.0,492.0,34973.0
2011,hierarchical_review_rule,0.01,8464,645,85,57,0.08837209302325581,0.6705882352941176,0.07620510396975426,8.799781121751025,0.2711866828086366,0.16076317590691308,16401376.0,60480020.0,5637.0,35064.0
2011,hierarchical_review_rule,0.025,8464,645,212,119,0.18449612403100776,0.5613207547169812,0.07620510396975426,7.365920725464385,0.48579990548944924,0.4182352270134611,29381188.0,60480020.0,14665.0,35064.0
2011,hierarchical_review_rule,0.05,8464,645,424,239,0.3705426356589147,0.5636792452830188,0.07620510396975426,7.396869972210032,0.7211169738369796,0.6015286333561488,43613169.0,60480020.0,21092.0,35064.0
2011,hierarchical_review_rule,0.1,8464,645,847,352,0.5457364341085271,0.4155844155844156,0.07620510396975426,5.453498439544951,0.7870074282382843,0.8048425735797399,47598225.0,60480020.0,28221.0,35064.0
2011,hierarchical_review_rule,0.2,8464,645,1693,481,0.7457364341085271,0.284111045481394,0.07620510396975426,3.728241688301579,0.9634086099839253,0.9276180698151951,58266972.0,60480020.0,32526.0,35064.0
2011,historical_frequency,0.01,8464,645,85,4,0.006201550387596899,0.047058823529411764,0.07620510396975426,0.6175284997720017,0.002437218109385546,0.01012434405658225,147403.0,60480020.0,355.0,35064.0
2011,historical_frequency,0.025,8464,645,212,6,0.009302325581395349,0.02830188679245283,0.07620510396975426,0.3713909609477841,0.003524519337129849,0.01055213324207164,213163.0,60480020.0,370.0,35064.0
2011,historical_frequency,0.05,8464,645,424,9,0.013953488372093023,0.02122641509433962,0.07620510396975426,0.27854322071083804,0.005305223113352145,0.011122518822724161,320860.0,60480020.0,390.0,35064.0
2011,historical_frequency,0.1,8464,645,847,11,0.017054263565891473,0.012987012987012988,0.07620510396975426,0.17042182623577973,0.006864630666458113,0.012691079169518595,415173.0,60480020.0,445.0,35064.0
2011,historical_frequency,0.2,8464,645,1693,29,0.04496124031007752,0.017129356172474897,0.07620510396975426,0.22477964440903492,0.13190847159111388,0.029945242984257357,7977827.0,60480020.0,1050.0,35064.0
2012,hierarchical_review_rule,0.01,9097,776,91,60,0.07731958762886598,0.6593406593406593,0.08530284709244806,7.729409765492239,0.22030185704238542,0.19868798214732306,7898015.0,35850878.0,10328.0,51981.0
2012,hierarchical_review_rule,0.025,9097,776,228,123,0.15850515463917525,0.5394736842105263,0.08530284709244806,6.32421663049376,0.30242718183917283,0.4863892576133587,10842280.0,35850878.0,25283.0,51981.0
2012,hierarchical_review_rule,0.05,9097,776,455,237,0.30541237113402064,0.5208791208791209,0.08530284709244806,6.1062337147388694,0.5780178103308934,0.6003154998941921,20722446.0,35850878.0,31205.0,51981.0
2012,hierarchical_review_rule,0.1,9097,776,910,399,0.5141752577319587,0.43846153846153846,0.08530284709244806,5.140057494052339,0.7991396472912045,0.8341894153633058,28649858.0,35850878.0,43362.0,51981.0
2012,hierarchical_review_rule,0.2,9097,776,1820,549,0.7074742268041238,0.30164835164835163,0.08530284709244806,3.5362049677126994,0.8950702406786244,0.9156230161020373,32089054.0,35850878.0,47595.0,51981.0
2012,historical_frequency,0.01,9097,776,91,2,0.002577319587628866,0.02197802197802198,0.08530284709244806,0.2576469921830747,9.567408641986397e-05,0.00036551817010061367,3430.0,35850878.0,19.0,51981.0
2012,historical_frequency,0.025,9097,776,228,2,0.002577319587628866,0.008771929824561403,0.08530284709244806,0.10283279073973593,0.00014448739581775376,0.0005771339527904426,5180.0,35850878.0,30.0,51981.0
2012,historical_frequency,0.05,9097,776,455,5,0.006443298969072165,0.01098901098901099,0.08530284709244806,0.12882349609153734,0.008944271880872764,0.0010196033165964487,320660.0,35850878.0,53.0,51981.0
2012,historical_frequency,0.1,9097,776,910,5,0.006443298969072165,0.005494505494505495,0.08530284709244806,0.06441174804576867,0.009403116989212928,0.0013466458898443662,337110.0,35850878.0,70.0,51981.0
2012,historical_frequency,0.2,9097,776,1820,12,0.015463917525773196,0.006593406593406593,0.08530284709244806,0.07729409765492239,0.009546432865605133,0.0029818587560839537,342248.0,35850878.0,155.0,51981.0
2013,hierarchical_review_rule,0.01,9153,748,92,67,0.08957219251336898,0.7282608695652174,0.08172183983393423,8.911459544292025,0.19119984888964048,0.3114716297455324,4640106.0,24268356.0,18911.0,60715.0
2013,hierarchical_review_rule,0.025,9153,748,229,155,0.2072192513368984,0.6768558951965066,0.08172183983393423,8.282435840552974,0.31673377463228247,0.5888824837354855,7686608.0,24268356.0,35754.0,60715.0
2013,hierarchical_review_rule,0.05,9153,748,458,273,0.3649732620320856,0.5960698689956332,0.08172183983393423,7.293887046680522,0.5183562495951518,0.7242691262455736,12579654.0,24268356.0,43974.0,60715.0
2013,hierarchical_review_rule,0.1,9153,748,916,438,0.5855614973262032,0.4781659388646288,0.08172183983393423,5.851140158326133,0.6896610137085512,0.8333031376101457,16736939.0,24268356.0,50594.0,60715.0
2013,hierarchical_review_rule,0.2,9153,748,1831,567,0.7580213903743316,0.3096668487165483,0.08172183983393423,3.7892789656451424,0.870129645370292,0.9139916000988224,21116616.0,24268356.0,55493.0,60715.0
2013,historical_frequency,0.01,9153,748,92,2,0.00267379679144385,0.021739130434782608,0.08172183983393423,0.26601371774006044,0.00015064885318148455,0.0008894013011611628,3656.0,24268356.0,54.0,60715.0
2013,historical_frequency,0.025,9153,748,229,6,0.008021390374331552,0.026200873362445413,0.08172183983393423,0.32061041963430864,0.00018476735712958883,0.0033434900765873343,4484.0,24268356.0,203.0,60715.0
2013,historical_frequency,0.05,9153,748,458,6,0.008021390374331552,0.013100436681222707,0.08172183983393423,0.16030520981715432,0.00020466981776598298,0.004002305855225233,4967.0,24268356.0,243.0,60715.0
2013,historical_frequency,0.1,9153,748,916,7,0.009358288770053475,0.007641921397379912,0.08172183983393423,0.09351137239334002,0.0009185624275496866,0.004727003211726921,22292.0,24268356.0,287.0,60715.0
2013,historical_frequency,0.2,9153,748,1831,11,0.014705882352941176,0.006007646095030038,0.08172183983393423,0.07351334853985285,0.016073276657059092,0.006917565675697933,390072.0,24268356.0,420.0,60715.0
2014,hierarchical_review_rule,0.01,11268,703,113,81,0.11522048364153627,0.7168141592920354,0.062389066382676606,11.48941955462682,0.19539163987740304,0.2231133464736401,8265048.0,42299906.0,9848.0,44139.0
2014,hierarchical_review_rule,0.025,11268,703,282,165,0.23470839260312945,0.5851063829787234,0.062389066382676606,9.378348112950578,0.58801456911039,0.4670699381499354,24872961.0,42299906.0,20616.0,44139.0
2014,hierarchical_review_rule,0.05,11268,703,564,271,0.38549075391180654,0.4804964539007092,0.062389066382676606,7.701613147301837,0.7003317690587776,0.6035252271234056,29623968.0,42299906.0,26639.0,44139.0
2014,hierarchical_review_rule,0.1,11268,703,1127,420,0.5974395448079659,0.37267080745341613,0.062389066382676606,5.9733352181864765,0.7519177938598729,0.8348739210222252,31806052.0,42299906.0,36850.5,44139.0
2014,hierarchical_review_rule,0.2,11268,703,2254,531,0.7553342816500711,0.23558118899733807,0.062389066382676606,3.7760011914964515,0.8953673324947814,0.9036792858922948,37873954.0,42299906.0,39887.5,44139.0
2014,historical_frequency,0.01,11268,703,113,1,0.001422475106685633,0.008849557522123894,0.062389066382676606,0.14184468585959037,4.5886626792976795e-05,0.00022655701307233966,1941.0,42299906.0,10.0,44139.0
2014,historical_frequency,0.025,11268,703,282,3,0.004267425320056899,0.010638297872340425,0.062389066382676606,0.17051542023546504,0.0030967208295923873,0.0007249824418314869,130991.0,42299906.0,32.0,44139.0
2014,historical_frequency,0.05,11268,703,564,6,0.008534850640113799,0.010638297872340425,0.062389066382676606,0.17051542023546504,0.0031223946455105596,0.003239765286934457,132077.0,42299906.0,143.0,44139.0
2014,historical_frequency,0.1,11268,703,1127,6,0.008534850640113799,0.005323868677905945,0.062389066382676606,0.08533336025980681,0.003213789647664938,0.0038288135209225403,135943.0,42299906.0,169.0,44139.0
2014,historical_frequency,0.2,11268,703,2254,11,0.015647226173541962,0.0048802129547471165,0.062389066382676606,0.07822224690482292,0.005782093227346651,0.006717415437594871,244582.0,42299906.0,296.5,44139.0
2015,hierarchical_review_rule,0.01,11011,685,111,82,0.11970802919708029,0.7387387387387387,0.0622105167559713,11.874820806207667,0.09273957945489043,0.20322460126910388,4529246.0,48838328.0,7017.0,34528.3
2015,hierarchical_review_rule,0.025,11011,685,276,166,0.24233576642335766,0.6014492753623188,0.0622105167559713,9.66796784089707,0.42540733581215145,0.49721532771668453,20776183.0,48838328.0,17168.0,34528.3
2015,hierarchical_review_rule,0.05,11011,685,551,277,0.4043795620437956,0.5027223230490018,0.0622105167559713,8.08098613006213,0.5929864142769179,0.705508235273674,28960465.0,48838328.0,24360.0,34528.3
2015,hierarchical_review_rule,0.1,11011,685,1102,407,0.5941605839416059,0.36932849364791287,0.0622105167559713,5.93675334825864,0.8165449685337303,0.8056579675222932,39878691.0,48838328.0,27818.0,34528.3
2015,hierarchical_review_rule,0.2,11011,685,2203,527,0.7693430656934307,0.2392192464820699,0.0622105167559713,3.845318427757769,0.9405648571752907,0.8729650750254139,45935615.0,48838328.0,30142.0,34528.3
2015,historical_frequency,0.01,11011,685,111,0,0.0,0.0,0.0622105167559713,0.0,1.818244064375013e-05,0.0009846995073606287,888.0,48838328.0,34.0,34528.3
2015,historical_frequency,0.025,11011,685,276,1,0.00145985401459854,0.0036231884057971015,0.0622105167559713,0.058240770125885966,0.0002958332234469616,0.0010715847580100959,14448.0,48838328.0,37.0,34528.3
2015,historical_frequency,0.05,11011,685,551,2,0.00291970802919708,0.003629764065335753,0.0622105167559713,0.058346470253156174,0.0030987137807010918,0.021344809909552453,151336.0,48838328.0,737.0,34528.3
2015,historical_frequency,0.1,11011,685,1102,3,0.004379562043795621,0.0027223230490018148,0.0622105167559713,0.04375985268986713,0.0031375767000049633,0.02238743291734606,153234.0,48838328.0,773.0,34528.3
2015,historical_frequency,0.2,11011,685,2203,13,0.01897810218978102,0.005901044030866999,0.0622105167559713,0.09485605229762997,0.006298086208029071,0.02567459156691757,307588.0,48838328.0,886.5,34528.3
2016,hierarchical_review_rule,0.01,10452,657,105,71,0.1080669710806697,0.6761904761904762,0.06285878300803674,10.75729506414438,0.28174602524109194,0.07658429165647174,4812514.0,17081036.0,2817.0,36783.0
2016,hierarchical_review_rule,0.025,10452,657,262,151,0.2298325722983257,0.5763358778625954,0.06285878300803674,9.168740632298094,0.3910698390893854,0.3548650191664628,6679878.0,17081036.0,13053.0,36783.0
2016,hierarchical_review_rule,0.05,10452,657,523,243,0.3698630136986301,0.4646271510516252,0.06285878300803674,7.391602713533618,0.46758194292196326,0.5671098061604546,7986784.0,17081036.0,20860.0,36783.0
2016,hierarchical_review_rule,0.1,10452,657,1046,379,0.5768645357686454,0.36233269598470363,0.06285878300803674,5.764233391829714,0.7062246107320422,0.6777315607753582,12063048.0,17081036.0,24929.0,36783.0
2016,hierarchical_review_rule,0.2,10452,657,2091,483,0.7351598173515982,0.2309899569583931,0.06285878300803674,3.6747443380960805,0.8017258437954232,0.8137182937770165,13694308.0,17081036.0,29931.0,36783.0
2016,historical_frequency,0.01,10452,657,105,1,0.0015220700152207,0.009523809523809525,0.06285878300803674,0.15151119808654057,0.0,8.15594160345812e-05,0.0,17081036.0,3.0,36783.0
2016,historical_frequency,0.025,10452,657,262,4,0.0060882800608828,0.015267175572519083,0.06285878300803674,0.24288054655094285,0.01594481739866364,0.0013865100725878802,272354.0,17081036.0,51.0,36783.0
2016,historical_frequency,0.05,10452,657,523,6,0.0091324200913242,0.011472275334608031,0.06285878300803674,0.18250870897613872,0.016076542429861982,0.002582714841095071,274604.0,17081036.0,95.0,36783.0
2016,historical_frequency,0.1,10452,657,1046,7,0.0106544901065449,0.006692160611854685,0.06285878300803674,0.10646341356941426,0.016429448424556917,0.00296332544925645,280632.0,17081036.0,109.0,36783.0
2016,historical_frequency,0.2,10452,657,2091,22,0.0334855403348554,0.010521281683405069,0.06285878300803674,0.167379659292161,0.020598867656505145,0.012152352989152598,351850.0,17081036.0,447.0,36783.0
2017,hierarchical_review_rule,0.01,11128,768,112,77,0.10026041666666667,0.6875,0.06901509705248023,9.961588541666668,0.5001466010414883,0.1400062642623831,24324829.0,48635398.0,3129.0,22349.0
2017,hierarchical_review_rule,0.025,11128,768,279,167,0.21744791666666666,0.5985663082437276,0.06901509705248023,8.672976403823178,0.7128516764682382,0.29885006040538725,34669825.0,48635398.0,6679.0,22349.0
2017,hierarchical_review_rule,0.05,11128,768,557,279,0.36328125,0.5008976660682226,0.06901509705248023,7.257798473967684,0.7908080036684392,0.42185332677077275,38461262.0,48635398.0,9428.0,22349.0
2017,hierarchical_review_rule,0.1,11128,768,1113,413,0.5377604166666666,0.3710691823899371,0.06901509705248023,5.37663784067086,0.872695973414261,0.7097409280057273,42443916.0,48635398.0,15862.0,22349.0
2017,hierarchical_review_rule,0.2,11128,768,2226,570,0.7421875,0.2560646900269542,0.06901509705248023,3.710270664869722,0.936279744230735,0.8577564991722225,45536338.0,48635398.0,19170.0,22349.0
2017,historical_frequency,0.01,11128,768,112,5,0.006510416666666667,0.044642857142857144,0.06901509705248023,0.6468563988095238,0.0016308286404893818,0.0016555550583918744,79316.0,48635398.0,37.0,22349.0
2017,historical_frequency,0.025,11128,768,279,5,0.006510416666666667,0.017921146953405017,0.06901509705248023,0.2596699522102748,0.0016720743192026515,0.0033558548480916374,81322.0,48635398.0,75.0,22349.0
2017,historical_frequency,0.05,11128,768,557,9,0.01171875,0.01615798922800718,0.06901509705248023,0.23412253141831238,0.001692285935441507,0.004653452056020403,82305.0,48635398.0,104.0,22349.0
2017,historical_frequency,0.1,11128,768,1113,14,0.018229166666666668,0.012578616352201259,0.06901509705248023,0.1822589098532495,0.001785304604683198,0.011499395946127344,86829.0,48635398.0,257.0,22349.0
2017,historical_frequency,0.2,11128,768,2226,26,0.033854166666666664,0.011680143755615454,0.06901509705248023,0.1692404162923031,0.012993601902877407,0.019150744999776276,631949.0,48635398.0,428.0,22349.0
2018,hierarchical_review_rule,0.01,12760,814,128,89,0.10933660933660934,0.6953125,0.06379310344827586,10.899493243243242,0.2592325499477535,0.1956145668534591,4170575.0,16088161.0,6615.0,33816.5
2018,hierarchical_review_rule,0.025,12760,814,319,192,0.23587223587223588,0.6018808777429467,0.06379310344827586,9.434889434889435,0.3778796718904044,0.3138113051321101,6079389.0,16088161.0,10612.0,33816.5
2018,hierarchical_review_rule,0.05,12760,814,638,313,0.3845208845208845,0.49059561128526646,0.06379310344827586,7.69041769041769,0.4791121869056382,0.5366315260301924,7708034.0,16088161.0,18147.0,33816.5
2018,hierarchical_review_rule,0.1,12760,814,1276,479,0.5884520884520884,0.37539184952978055,0.06379310344827586,5.884520884520884,0.6207757368912457,0.7981310898525867,9987140.0,16088161.0,26990.0,33816.5
2018,hierarchical_review_rule,0.2,12760,814,2552,621,0.7628992628992629,0.24333855799373041,0.06379310344827586,3.8144963144963144,0.8217328257716964,0.8740555645912498,13220170.0,16088161.0,29557.5,33816.5
2018,historical_frequency,0.01,12760,814,128,8,0.009828009828009828,0.0625,0.06379310344827586,0.9797297297297297,3.18868017295451e-05,0.0010054263451273787,513.0,16088161.0,34.0,33816.5
2018,historical_frequency,0.025,12760,814,319,9,0.011056511056511056,0.02821316614420063,0.06379310344827586,0.44226044226044225,0.0005448727172732794,0.002365709047358538,8766.0,16088161.0,80.0,33816.5
2018,historical_frequency,0.05,12760,814,638,14,0.0171990171990172,0.0219435736677116,0.06379310344827586,0.34398034398034394,0.001276839534363188,0.003578134934129789,20542.0,16088161.0,121.0,33816.5
2018,historical_frequency,0.1,12760,814,1276,19,0.02334152334152334,0.014890282131661442,0.06379310344827586,0.2334152334152334,0.003152877448205547,0.006357843064776071,50724.0,16088161.0,215.0,33816.5
2018,historical_frequency,0.2,12760,814,2552,32,0.03931203931203931,0.012539184952978056,0.06379310344827586,0.19656019656019655,0.011501873955637317,0.009270622329336271,185044.0,16088161.0,313.5,33816.5
2019,hierarchical_review_rule,0.01,13667,863,137,86,0.0996523754345307,0.6277372262773723,0.06314480134630862,9.94123368659658,0.15907387485790764,0.16487314667428007,4518764.0,28406701.0,3372.5,20455.120000000003
2019,hierarchical_review_rule,0.025,13667,863,342,194,0.22479721900347624,0.5672514619883041,0.06314480134630862,8.983343836609679,0.20955643529320775,0.28668372515047574,5952807.0,28406701.0,5864.15,20455.120000000003
2019,hierarchical_review_rule,0.05,13667,863,684,334,0.3870220162224797,0.48830409356725146,0.06314480134630862,7.733084642854723,0.33787066650224534,0.43547776791336346,9597791.0,28406701.0,8907.75,20455.120000000003
2019,hierarchical_review_rule,0.1,13667,863,1367,513,0.5944380069524913,0.37527432333577176,0.06314480134630862,5.9430755237890995,0.6605599150707433,0.7605479703858984,18764328.0,28406701.0,15557.1,20455.120000000003
2019,hierarchical_review_rule,0.2,13667,863,2734,647,0.7497103128621089,0.23664959765910754,0.06314480134630862,3.7477289121749977,0.9338535650443887,0.8982895236009371,26527699.0,28406701.0,18374.620000000003,20455.120000000003
2019,historical_frequency,0.01,13667,863,137,1,0.0011587485515643105,0.0072992700729927005,0.06314480134630862,0.11559574054182067,0.0009623081539809921,0.006489817708231483,27336.0,28406701.0,132.75,20455.120000000003
2019,historical_frequency,0.025,13667,863,342,1,0.0011587485515643105,0.0029239766081871343,0.06314480134630862,0.04630589606499834,0.0010685858945746638,0.007760893116246689,30355.0,28406701.0,158.75,20455.120000000003
2019,historical_frequency,0.05,13667,863,684,7,0.008111239860950173,0.01023391812865497,0.06314480134630862,0.1620706362274942,0.002126998133292564,0.010327487690123547,60421.0,28406701.0,211.25,20455.120000000003
2019,historical_frequency,0.1,13667,863,1367,20,0.023174971031286212,0.014630577907827359,0.06314480134630862,0.2316988508299844,0.00237546063515084,0.012023884484666918,67479.0,28406701.0,245.95,20455.120000000003
2019,historical_frequency,0.2,13667,863,2734,33,0.038238702201622246,0.012070226773957572,0.06314480134630862,0.19115155193473712,0.01976963111626373,0.02075763916320217,561590.0,28406701.0,424.59999999999997,20455.120000000003
2020,hierarchical_review_rule,0.01,8269,558,83,55,0.0985663082437276,0.6626506024096386,0.0674809529568267,9.81981690201667,0.01980095912141078,0.36849636009153036,327940.0,16561824.0,6747.5,18310.89999999999
2020,hierarchical_review_rule,0.025,8269,558,207,123,0.22043010752688172,0.5942028985507246,0.0674809529568267,8.805490623863696,0.6148508763285976,0.5615999213583169,10183052.0,16561824.0,10283.4,18310.89999999999
2020,hierarchical_review_rule,0.05,8269,558,414,209,0.37455197132616486,0.5048309178743962,0.0674809529568267,7.481087562550864,0.6483599270225309,0.6592193720680035,10738023.0,16561824.0,12070.9,18310.89999999999
2020,hierarchical_review_rule,0.1,8269,558,827,320,0.5734767025089605,0.38694074969770254,0.0674809529568267,5.734073582885847,0.8523548493209444,0.7236847997640753,14116551.0,16561824.0,13251.32,18310.89999999999
2020,hierarchical_review_rule,0.2,8269,558,1654,408,0.7311827956989247,0.24667472793228537,0.0674809529568267,3.6554719090897274,0.9079728174867696,0.835033777695253,15037686.0,16561824.0,15290.220000000001,18310.89999999999
2020,historical_frequency,0.01,8269,558,83,0,0.0,0.0,0.0674809529568267,0.0,0.0,0.00016383684035192148,0.0,16561824.0,3.0,18310.900000000005
2020,historical_frequency,0.025,8269,558,207,4,0.007168458781362007,0.01932367149758454,0.0674809529568267,0.286357418662234,4.945107495406303e-05,0.0004368982409384573,819.0,16561824.0,8.0,18310.900000000005
2020,historical_frequency,0.05,8269,558,414,5,0.008960573476702509,0.012077294685990338,0.0674809529568267,0.17897338666389626,0.000295619612912201,0.0016793276136071952,4896.0,16561824.0,30.75,18310.900000000005
2020,historical_frequency,0.1,8269,558,827,11,0.01971326164874552,0.013301088270858524,0.0674809529568267,0.19710877941170096,0.007165937761444633,0.007914957757401328,118681.0,16561824.0,144.93,18310.900000000005
2020,historical_frequency,0.2,8269,558,1654,16,0.02867383512544803,0.009673518742442563,0.0674809529568267,0.14335183957214617,0.009181174730512774,0.011317302808709564,152057.0,16561824.0,207.23000000000002,18310.900000000005
2021,hierarchical_review_rule,0.01,11800,753,118,93,0.12350597609561753,0.788135593220339,0.06381355932203389,12.350597609561754,0.6116678954824697,0.24014420281428053,28424338.0,46470214.0,8920.8,37147.68000000003
2021,hierarchical_review_rule,0.025,11800,753,295,186,0.24701195219123506,0.6305084745762712,0.06381355932203389,9.880478087649404,0.7479502676703834,0.5358988771304153,34757409.0,46470214.0,19907.4,37147.68000000003
2021,hierarchical_review_rule,0.05,11800,753,590,318,0.42231075697211157,0.5389830508474577,0.06381355932203389,8.446215139442232,0.8628410663226126,0.6466931447670482,40096409.0,46470214.0,24023.15,37147.68000000003
2021,hierarchical_review_rule,0.1,11800,753,1180,452,0.600265604249668,0.38305084745762713,0.06381355932203389,6.002656042496681,0.9008829182495265,0.76533985433276,41864222.0,46470214.0,28430.600000000002,37147.68000000003
2021,hierarchical_review_rule,0.2,11800,753,2360,563,0.747675962815405,0.23855932203389832,0.06381355932203389,3.738379814077026,0.9376978767517619,0.9313636813927542,43575021.0,46470214.0,34598.000000000015,37147.68000000003
2021,historical_frequency,0.01,11800,753,118,1,0.0013280212483399733,0.00847457627118644,0.06381355932203389,0.13280212483399736,7.66082118752455e-06,0.0008022035292648152,356.0,46470214.0,29.8,37147.680000000015
2021,historical_frequency,0.025,11800,753,295,1,0.0013280212483399733,0.003389830508474576,0.06381355932203389,0.05312084993359894,7.66082118752455e-06,0.0009973704952772281,356.0,46470214.0,37.05,37147.680000000015
2021,historical_frequency,0.05,11800,753,590,4,0.005312084993359893,0.006779661016949152,0.06381355932203389,0.10624169986719788,2.2982463562573653e-05,0.002087613546794846,1068.0,46470214.0,77.55,37147.680000000015
2021,historical_frequency,0.1,11800,753,1180,8,0.010624169986719787,0.006779661016949152,0.06381355932203389,0.10624169986719788,6.922713977602943e-05,0.0023043161780224217,3217.0,46470214.0,85.6,37147.680000000015
2021,historical_frequency,0.2,11800,753,2360,26,0.034528552456839307,0.011016949152542373,0.06381355932203389,0.17264276228419656,0.006711180628520454,0.005180673463322606,311870.0,46470214.0,192.45,37147.680000000015
2022,hierarchical_review_rule,0.01,13370,776,134,84,0.10824742268041238,0.6268656716417911,0.058040388930441285,10.80050777042622,0.5942652299199871,0.3081669791005712,23984698.0,40360258.0,8091.3,26256.22
2022,hierarchical_review_rule,0.025,13370,776,335,177,0.22809278350515463,0.5283582089552239,0.058040388930441285,9.103285120787813,0.6985840130159723,0.4777287058076143,28195031.0,40360258.0,12543.349999999999,26256.22
2022,hierarchical_review_rule,0.05,13370,776,669,306,0.3943298969072165,0.45739910313901344,0.058040388930441285,7.88070361980491,0.8269800207917403,0.6710486124811567,33377127.0,40360258.0,17619.199999999997,26256.22
2022,hierarchical_review_rule,0.1,13370,776,1337,435,0.5605670103092784,0.32535527299925204,0.058040388930441285,5.605670103092783,0.8888356709711815,0.7672924739356997,35873637.0,40360258.0,20146.199999999997,26256.22
2022,hierarchical_review_rule,0.2,13370,776,2674,563,0.7255154639175257,0.21054599850411368,0.058040388930441285,3.627577319587629,0.9152624594223358,0.9004209288313396,36940229.0,40360258.0,23641.649999999998,26256.22
2022,historical_frequency,0.01,13370,776,134,4,0.005154639175257732,0.029850746268656716,0.058040388930441285,0.51430989382982,6.469235157020056e-05,0.00033515867859120624,2611.0,40360258.0,8.8,26256.22
2022,historical_frequency,0.025,13370,776,335,5,0.006443298969072165,0.014925373134328358,0.058040388930441285,0.25715494691491,7.01432582517188e-05,0.00048750353249629995,2831.0,40360258.0,12.8,26256.22
2022,historical_frequency,0.05,13370,776,669,9,0.011597938144329897,0.013452914798206279,0.058040388930441285,0.23178540058249736,0.0011481839387647126,0.003477271290383764,46341.0,40360258.0,91.3,26256.22
2022,historical_frequency,0.1,13370,776,1337,12,0.015463917525773196,0.008975317875841436,0.058040388930441285,0.15463917525773196,0.0013605958614040575,0.004713930641958362,54914.0,40360258.0,123.77,26256.22
2022,historical_frequency,0.2,13370,776,2674,28,0.03608247422680412,0.010471204188481676,0.058040388930441285,0.18041237113402064,0.008851776913814575,0.013692755468989824,357260.0,40360258.0,359.52,26256.22
2023,hierarchical_review_rule,0.01,15753,810,158,103,0.1271604938271605,0.6518987341772152,0.051418777375737953,12.67822315986873,0.4405017800732776,0.19773519790731428,17937088.0,40719672.0,6318.65,31955.110000000008
2023,hierarchical_review_rule,0.025,15753,810,394,207,0.25555555555555554,0.5253807106598984,0.051418777375737953,10.217681895093062,0.7788538915539398,0.503670617938727,31714675.0,40719672.0,16094.85,31955.110000000008
2023,hierarchical_review_rule,0.05,15753,810,788,343,0.42345679012345677,0.4352791878172589,0.051418777375737953,8.465374130475654,0.8461907551711124,0.6128650472490941,34456610.0,40719672.0,19584.170000000002,31955.110000000008
2023,hierarchical_review_rule,0.1,15753,810,1576,478,0.5901234567901235,0.3032994923857868,0.051418777375737953,5.898613461176913,0.891020536707663,0.7745355907083403,36282064.0,40719672.0,24750.37,31955.110000000008
2023,hierarchical_review_rule,0.2,15753,810,3151,601,0.7419753086419754,0.19073310060298318,0.051418777375737953,3.709405597282462,0.9484094076199828,0.8208802911334052,38618920.0,40719672.0,26231.319999999996,31955.110000000008
2023,historical_frequency,0.01,15753,810,158,2,0.0024691358024691358,0.012658227848101266,0.051418777375737953,0.24617909048288794,4.150328126415164e-05,0.00041620886299562103,1690.0,40719672.0,13.3,31955.11
2023,historical_frequency,0.025,15753,810,394,4,0.0049382716049382715,0.01015228426395939,0.051418777375737953,0.1974431284075954,7.080115969499951e-05,0.04901563474511588,2883.0,40719672.0,1566.3,31955.11
2023,historical_frequency,0.05,15753,810,788,6,0.007407407407407408,0.007614213197969543,0.051418777375737953,0.14808234630569655,0.00013200008094367755,0.049937240084606184,5375.0,40719672.0,1595.75,31955.11
2023,historical_frequency,0.1,15753,810,1576,10,0.012345679012345678,0.006345177664974619,0.051418777375737953,0.12340195525474713,0.001264867752372858,0.05308227698167836,51505.0,40719672.0,1696.25,31955.11
2023,historical_frequency,0.2,15753,810,3151,36,0.044444444444444446,0.011424944462075532,0.051418777375737953,0.2221940124828097,0.00725614882163098,0.060888540205306756,295468.0,40719672.0,1945.7,31955.11
2024,hierarchical_review_rule,0.01,17957,889,180,115,0.12935883014623173,0.6388888888888888,0.049507155983738935,12.90498062742157,0.09553982439205438,0.23166258017891705,3459680.0,36211915.0,7998.0,34524.35000000002
2024,hierarchical_review_rule,0.025,17957,889,449,232,0.2609673790776153,0.5167037861915368,0.049507155983738935,10.43695150578338,0.6798405441965718,0.6577097034411941,24618328.0,36211915.0,22707.0,34524.35000000002
2024,hierarchical_review_rule,0.05,17957,889,898,381,0.42857142857142855,0.4242761692650334,0.049507155983738935,8.56999681832644,0.783226294439275,0.7799376382176633,28362124.0,36211915.0,26926.84,34524.35000000002
2024,hierarchical_review_rule,0.1,17957,889,1796,523,0.5883014623172104,0.29120267260579064,0.049507155983738935,5.882031936987832,0.8696473246443884,0.8215054012602694,31491595.0,36211915.0,28361.94,34524.35000000002
2024,hierarchical_review_rule,0.2,17957,889,3592,650,0.7311586051743532,0.1809576837416481,0.049507155983738935,3.655182370021119,0.9035113442633453,0.8993516170470983,32717876.0,36211915.0,31049.530000000006,34524.35000000002
2024,historical_frequency,0.01,17957,889,180,4,0.0044994375703037125,0.022222222222222223,0.049507155983738935,0.44886889138857644,4.53441912696415e-05,0.0006386796565322736,1642.0,36211915.0,22.05,34524.35
2024,historical_frequency,0.025,17957,889,449,6,0.006749156355455568,0.013363028953229399,0.049507155983738935,0.2699211596323288,5.951079913890221e-05,0.02193524280688847,2155.0,36211915.0,757.3,34524.35
2024,historical_frequency,0.05,17957,889,898,10,0.01124859392575928,0.011135857461024499,0.049507155983738935,0.22493429969360731,0.00012015382229854455,0.024607269941360227,4351.0,36211915.0,849.55,34524.35
2024,historical_frequency,0.1,17957,889,1796,13,0.014623172103487065,0.007238307349665924,0.049507155983738935,0.14620729480084477,0.00014426190937430402,0.026048281864828736,5224.0,36211915.0,899.3,34524.35
2024,historical_frequency,0.2,17957,889,3592,35,0.03937007874015748,0.009743875278396437,0.049507155983738935,0.1968175122319064,0.012801449467668308,0.034237284699060226,463565.0,36211915.0,1182.02,34524.35
2025,hierarchical_review_rule,0.01,19970,954,200,117,0.12264150943396226,0.585,0.047771657486229344,12.245754716981132,0.3448794095859421,0.3368210109727321,8153400.0,23641307.0,10441.0,30998.660000000025
2025,hierarchical_review_rule,0.025,19970,954,500,254,0.2662473794549266,0.508,0.047771657486229344,10.633920335429769,0.49261011669109495,0.49352939772235277,11645947.0,23641307.0,15298.75,30998.660000000025
2025,hierarchical_review_rule,0.05,19970,954,999,404,0.42348008385744235,0.4044044044044044,0.047771657486229344,8.465362637270394,0.6253839942097956,0.575243897639446,14784895.0,23641307.0,17831.79,30998.660000000025
2025,hierarchical_review_rule,0.1,19970,954,1997,566,0.5932914046121593,0.28342513770655986,0.047771657486229344,5.932914046121594,0.6929884629475012,0.6716900020839607,16383153.0,23641307.0,20821.490000000005,30998.660000000025
2025,hierarchical_review_rule,0.2,19970,954,3994,676,0.7085953878406709,0.16925388082123186,0.047771657486229344,3.5429769392033545,0.8304858102811321,0.7588953845101689,19633770.0,23641307.0,23524.740000000013,30998.660000000025
2025,historical_frequency,0.01,19970,954,200,1,0.0010482180293501049,0.005,0.047771657486229344,0.10466457023060798,4.6528730412409096e-05,0.001190374035522826,1100.0,23641307.0,36.900000000000006,30998.660000000003
2025,historical_frequency,0.025,19970,954,500,4,0.0041928721174004195,0.008,0.047771657486229344,0.16746331236897274,0.00010997699915660331,0.0018645967277295212,2600.0,23641307.0,57.800000000000004,30998.660000000003
2025,historical_frequency,0.05,19970,954,999,9,0.009433962264150943,0.009009009009009009,0.047771657486229344,0.18858481122632065,0.00020113101191909568,0.00453245398349477,4755.0,23641307.0,140.5,30998.660000000003
2025,historical_frequency,0.1,19970,954,1997,18,0.018867924528301886,0.009013520280420632,0.047771657486229344,0.18867924528301888,0.00025611951149739735,0.004851822627171625,6055.0,23641307.0,150.39999999999998,30998.660000000003
2025,historical_frequency,0.2,19970,954,3994,40,0.041928721174004195,0.010015022533800702,0.047771657486229344,0.20964360587002098,0.00070237233499823,0.012021487380422247,16605.0,23641307.0,372.6499999999999,30998.660000000003
